{
	"credit": "Made with Blockbench",
	"texture_size": [32, 32],
	"textures": {
		"0": "item/pepeland/carved_pumpkin/part_1/puss_hat/puss_hat",
		"particle": "item/pepeland/carved_pumpkin/part_1/puss_hat/puss_hat"
	},
	"elements": [
		{
			"from": [2, 0, 2],
			"to": [14, 0, 14],
			"faces": {
				"north": {"uv": [0, 0, 6, 0], "texture": "#0"},
				"east": {"uv": [0, 0, 6, 0], "texture": "#0"},
				"south": {"uv": [0, 0, 6, 0], "texture": "#0"},
				"west": {"uv": [0, 0, 6, 0], "texture": "#0"},
				"up": {"uv": [9, 10, 3, 4], "texture": "#0"},
				"down": {"uv": [15, 0, 9, 6], "texture": "#0"}
			}
		},
		{
			"from": [5, 0.01, 5],
			"to": [11, 2, 11],
			"faces": {
				"north": {"uv": [3, 0, 6, 1], "texture": "#0"},
				"east": {"uv": [3, 1, 6, 2], "texture": "#0"},
				"south": {"uv": [3, 2, 6, 3], "texture": "#0"},
				"west": {"uv": [3, 3, 6, 4], "texture": "#0"},
				"up": {"uv": [3, 3, 0, 0], "texture": "#0"},
				"down": {"uv": [3, 3, 0, 6], "texture": "#0"}
			}
		},
		{
			"from": [2, 0, 2],
			"to": [2, 4, 14],
			"faces": {
				"north": {"uv": [0, 0, 0, 2], "texture": "#0"},
				"east": {"uv": [9, 6, 15, 8], "texture": "#0"},
				"south": {"uv": [0, 0, 0, 2], "texture": "#0"},
				"west": {"uv": [9, 8, 15, 10], "texture": "#0"},
				"up": {"uv": [0, 6, 0, 0], "texture": "#0"},
				"down": {"uv": [0, 0, 0, 6], "texture": "#0"}
			}
		},
		{
			"from": [-1, 0.5, 9],
			"to": [5, 7.5, 9],
			"rotation": {"angle": 45, "axis": "x", "origin": [3.5, 1.5, 8]},
			"faces": {
				"north": {"uv": [0, 6, 3, 9.5], "texture": "#0"},
				"east": {"uv": [0, 0, 0, 3.5], "texture": "#0"},
				"south": {"uv": [6, 0, 9, 3.5], "texture": "#0"},
				"west": {"uv": [0, 0, 0, 3.5], "texture": "#0"},
				"up": {"uv": [3, 0, 0, 0], "texture": "#0"},
				"down": {"uv": [3, 0, 0, 0], "texture": "#0"}
			}
		}
	],
	"display": {
		"thirdperson_righthand": {
			"translation": [0, 3.5, 0],
			"scale": [0.47, 0.47, 0.47]
		},
		"thirdperson_lefthand": {
			"translation": [0, 3.5, 0],
			"scale": [0.47, 0.47, 0.47]
		},
		"firstperson_righthand": {
			"rotation": [0, 135, 0],
			"translation": [-1.75, 8, 1],
			"scale": [0.65, 0.65, 0.65]
		},
		"firstperson_lefthand": {
			"translation": [-1.75, 8, 1],
			"scale": [0.65, 0.65, 0.65]
		},
		"ground": {
			"translation": [0, 3.5, 0],
			"scale": [0.78, 0.78, 0.78]
		},
		"gui": {
			"rotation": [39, 138, 0],
			"translation": [-1, 5.5, 0],
			"scale": [0.89, 0.89, 0.89]
		},
		"head": {
			"translation": [0, 24.25, 0],
			"scale": [2.4, 2.4, 2.4]
		},
		"fixed": {
			"rotation": [-90, 0, 0],
			"translation": [0, 0, -16.25],
			"scale": [2.02, 2.02, 2.02]
		}
	}
}