{
	"credit": "Made with Blockbench",
	"texture_size": [64, 64],
	"textures": {
		"0": "item/pepeland/carved_pumpkin/part_1/box/box",
		"particle": "item/pepeland/carved_pumpkin/part_1/box/box"
	},
	"elements": [
		{
			"from": [15, 9, 0],
			"to": [16, 18, 16],
			"faces": {
				"north": {"uv": [5, 11.25, 5.25, 13.5], "texture": "#0"},
				"east": {"uv": [4, 0, 8, 2.25], "texture": "#0"},
				"south": {"uv": [5.25, 11.25, 5.5, 13.5], "texture": "#0"},
				"west": {"uv": [4, 2.25, 8, 4.5], "texture": "#0"},
				"up": {"uv": [7.75, 13, 7.5, 9], "texture": "#0"},
				"down": {"uv": [8, 9, 7.75, 13], "texture": "#0"}
			}
		},
		{
			"from": [1, 9, 0],
			"to": [15, 18, 1],
			"faces": {
				"north": {"uv": [8, 6, 11.5, 8.25], "texture": "#0"},
				"east": {"uv": [5.5, 11.25, 5.75, 13.5], "texture": "#0"},
				"south": {"uv": [8, 8.25, 11.5, 10.5], "texture": "#0"},
				"west": {"uv": [5.75, 11.25, 6, 13.5], "texture": "#0"},
				"up": {"uv": [15, 6.25, 11.5, 6], "texture": "#0"},
				"down": {"uv": [15, 6.25, 11.5, 6.5], "texture": "#0"}
			}
		},
		{
			"from": [1, 9, 15],
			"to": [15, 18, 16],
			"faces": {
				"north": {"uv": [4, 9, 7.5, 11.25], "texture": "#0"},
				"east": {"uv": [6, 11.25, 6.25, 13.5], "texture": "#0"},
				"south": {"uv": [0, 10, 3.5, 12.25], "texture": "#0"},
				"west": {"uv": [6.25, 11.25, 6.5, 13.5], "texture": "#0"},
				"up": {"uv": [15, 6.75, 11.5, 6.5], "texture": "#0"},
				"down": {"uv": [15, 6.75, 11.5, 7], "texture": "#0"}
			}
		},
		{
			"from": [0, 9, 0],
			"to": [1, 18, 16],
			"faces": {
				"north": {"uv": [6.5, 11.25, 6.75, 13.5], "texture": "#0"},
				"east": {"uv": [4, 4.5, 8, 6.75], "texture": "#0"},
				"south": {"uv": [6.75, 11.25, 7, 13.5], "texture": "#0"},
				"west": {"uv": [4, 6.75, 8, 9], "texture": "#0"},
				"up": {"uv": [3.75, 14, 3.5, 10], "texture": "#0"},
				"down": {"uv": [4, 10, 3.75, 14], "texture": "#0"}
			}
		},
		{
			"from": [0, 18, 0],
			"to": [16, 19, 16],
			"faces": {
				"north": {"uv": [8, 10.5, 12, 10.75], "texture": "#0"},
				"east": {"uv": [8, 10.75, 12, 11], "texture": "#0"},
				"south": {"uv": [8, 11, 12, 11.25], "texture": "#0"},
				"west": {"uv": [8, 11.25, 12, 11.5], "texture": "#0"},
				"up": {"uv": [4, 4, 0, 0], "texture": "#0"},
				"down": {"uv": [4, 4, 0, 8], "texture": "#0"}
			}
		},
		{
			"from": [15, 2, -0.05],
			"to": [16, 10, 16.025],
			"rotation": {"angle": 22.5, "axis": "z", "origin": [15.5, 10, 8]},
			"faces": {
				"north": {"uv": [7, 11.25, 7.25, 13.25], "texture": "#0"},
				"east": {"uv": [0, 8, 4, 10], "texture": "#0"},
				"south": {"uv": [7.25, 11.25, 7.5, 13.25], "texture": "#0"},
				"west": {"uv": [8, 0, 12, 2], "texture": "#0"},
				"up": {"uv": [4.25, 15.25, 4, 11.25], "texture": "#0"},
				"down": {"uv": [4.5, 11.25, 4.25, 15.25], "texture": "#0"}
			}
		},
		{
			"from": [0, 2, -0.05],
			"to": [1, 10, 16.025],
			"rotation": {"angle": -22.5, "axis": "z", "origin": [0.5, 10, 8]},
			"faces": {
				"north": {"uv": [11.5, 7, 11.75, 9], "texture": "#0"},
				"east": {"uv": [8, 2, 12, 4], "texture": "#0"},
				"south": {"uv": [8, 11.5, 8.25, 13.5], "texture": "#0"},
				"west": {"uv": [8, 4, 12, 6], "texture": "#0"},
				"up": {"uv": [4.75, 15.25, 4.5, 11.25], "texture": "#0"},
				"down": {"uv": [5, 11.25, 4.75, 15.25], "texture": "#0"}
			}
		},
		{
			"from": [18.65, -8.5, 7],
			"to": [18.65, -3.5, 11],
			"rotation": {"angle": 22.5, "axis": "z", "origin": [0, 0, 0]},
			"faces": {
				"north": {"uv": [0, 12.75, 0, 14], "texture": "#0"},
				"east": {"uv": [0, 12.25, 1, 13.5], "texture": "#0"},
				"south": {"uv": [0, 12.75, 0, 14], "texture": "#0"},
				"west": {"uv": [1, 12.25, 0, 13.5], "texture": "#0"},
				"up": {"uv": [0, 12.75, 0, 13.75], "texture": "#0"},
				"down": {"uv": [0, 12.75, 0, 13.75], "texture": "#0"}
			}
		}
	],
	"display": {
		"thirdperson_righthand": {
			"scale": [0.25, 0.25, 0.25]
		},
		"thirdperson_lefthand": {
			"scale": [0.25, 0.25, 0.25]
		},
		"firstperson_righthand": {
			"rotation": [0, 119, 0],
			"translation": [0, 2.5, 0],
			"scale": [0.38, 0.38, 0.38]
		},
		"firstperson_lefthand": {
			"rotation": [0, 119, 0],
			"translation": [0, 2.5, 0],
			"scale": [0.38, 0.38, 0.38]
		},
		"ground": {
			"translation": [0, -1, 0],
			"scale": [0.33, 0.33, 0.33]
		},
		"gui": {
			"rotation": [11, -145, 0],
			"translation": [0, -1, 0],
			"scale": [0.55, 0.55, 0.55]
		},
		"fixed": {
			"translation": [0, -2.25, 1.75]
		}
	}
}