{
	"credit": "Made with Blockbench",
	"texture_size": [64, 64],
	"textures": {
		"0": "item/pepeland/carved_pumpkin/part_1/whale/whale",
		"particle": "item/pepeland/carved_pumpkin/part_1/whale/whale"
	},
	"elements": [
		{
			"from": [4, 0, 4],
			"to": [12, 5, 12],
			"faces": {
				"north": {"uv": [4, 0, 6, 1.25], "texture": "#0"},
				"east": {"uv": [7.25, 1.25, 5.25, 2.5], "texture": "#0"},
				"south": {"uv": [0, 5, 2, 6.25], "texture": "#0"},
				"west": {"uv": [5.25, 1.25, 7.25, 2.5], "texture": "#0"},
				"up": {"uv": [3.25, 5, 1.25, 3], "texture": "#0"},
				"down": {"uv": [5.25, 2, 3.25, 4], "texture": "#0"}
			}
		},
		{
			"from": [3.5, -0.1, 7],
			"to": [3.5, 2.9, 14],
			"rotation": {"angle": -22.5, "axis": "z", "origin": [3, 1.5, 10]},
			"faces": {
				"north": {"uv": [0, 0, 0, 0.75], "texture": "#0"},
				"east": {"uv": [3.5, 3.25, 5.25, 4], "texture": "#0"},
				"south": {"uv": [0, 0, 0, 0.75], "texture": "#0"},
				"west": {"uv": [1.25, 3, 3, 3.75], "texture": "#0"},
				"up": {"uv": [0, 1.75, 0, 0], "texture": "#0"},
				"down": {"uv": [0, 0, 0, 1.75], "texture": "#0"}
			}
		},
		{
			"from": [12.51932, -0.03236, 7],
			"to": [12.51932, 2.96764, 14],
			"rotation": {"angle": 22.5, "axis": "z", "origin": [13.26932, 1.46764, 10]},
			"faces": {
				"north": {"uv": [0, 0, 0, 0.75], "texture": "#0"},
				"east": {"uv": [1.25, 3, 3, 3.75], "texture": "#0"},
				"south": {"uv": [0, 0, 0, 0.75], "texture": "#0"},
				"west": {"uv": [3.25, 2.5, 5, 3.25], "texture": "#0"},
				"up": {"uv": [0, 1.75, 0, 0], "texture": "#0"},
				"down": {"uv": [0, 0, 0, 1.75], "texture": "#0"}
			}
		},
		{
			"from": [4, 1, -1],
			"to": [12, 5, 4],
			"faces": {
				"north": {"uv": [2, 0, 4, 1], "texture": "#0"},
				"east": {"uv": [1.25, 2.5, 0, 3.5], "texture": "#0"},
				"south": {"uv": [2, 1, 4, 2], "texture": "#0"},
				"west": {"uv": [0, 2.5, 1.25, 3.5], "texture": "#0"},
				"up": {"uv": [2, 1.25, 0, 0], "texture": "#0"},
				"down": {"uv": [2, 1.25, 0, 2.5], "texture": "#0"}
			}
		},
		{
			"from": [5, 1.5, 11],
			"to": [11, 4.5, 16],
			"rotation": {"angle": -22.5, "axis": "x", "origin": [8, 2.5, 13.5]},
			"faces": {
				"north": {"uv": [6, 0, 7.5, 0.75], "texture": "#0"},
				"east": {"uv": [0, 3.5, 1.25, 4.25], "texture": "#0"},
				"south": {"uv": [2, 6, 3.5, 6.75], "texture": "#0"},
				"west": {"uv": [4, 1.25, 5.25, 2], "texture": "#0"},
				"up": {"uv": [6.75, 5.25, 5.25, 4], "texture": "#0"},
				"down": {"uv": [7, 5.25, 5.5, 6.5], "texture": "#0"}
			}
		},
		{
			"from": [3, 2.5, 16],
			"to": [13, 2.5, 23],
			"rotation": {"angle": -22.5, "axis": "x", "origin": [8, 2.5, 13.5]},
			"faces": {
				"north": {"uv": [0, 0, 2.5, 0], "texture": "#0"},
				"east": {"uv": [0, 0, 1.75, 0], "texture": "#0"},
				"south": {"uv": [0, 0, 2.5, 0], "texture": "#0"},
				"west": {"uv": [0, 0, 1.75, 0], "texture": "#0"},
				"up": {"uv": [6, 8.25, 3.5, 6.5], "texture": "#0"},
				"down": {"uv": [8.5, 6.5, 6, 8.25], "texture": "#0"}
			}
		}
	],
	"display": {
		"thirdperson_righthand": {
			"translation": [0, 3.25, 0],
			"scale": [0.43, 0.43, 0.43]
		},
		"thirdperson_lefthand": {
			"translation": [0, 3.25, 0],
			"scale": [0.43, 0.43, 0.43]
		},
		"firstperson_righthand": {
			"rotation": [0, 35, 0],
			"translation": [0, 6.25, 0],
			"scale": [0.59, 0.59, 0.59]
		},
		"firstperson_lefthand": {
			"rotation": [0, 35, 0],
			"translation": [0, 6.25, 0],
			"scale": [0.59, 0.59, 0.59]
		},
		"ground": {
			"scale": [0.48, 0.48, 0.48]
		},
		"gui": {
			"rotation": [26, -135, 0],
			"translation": [1, 2.5, 0],
			"scale": [0.66, 0.66, 0.66]
		},
		"head": {
			"translation": [0, 19.75, 0],
			"scale": [1.98, 1.98, 1.98]
		},
		"fixed": {
			"rotation": [-90, 0, 0],
			"translation": [0, 0, -10],
			"scale": [1.24, 1.24, 1.24]
		}
	}
}