{"providers":[{"file":"char/black.png","chars":[""],"height":1,"ascent":-5000,"type":"bitmap"},{"file":"char/black.png","chars":[""],"height":2,"ascent":-5000,"type":"bitmap"},{"file":"char/black.png","chars":[""],"height":3,"ascent":-5000,"type":"bitmap"},{"file":"char/black.png","chars":[""],"height":4,"ascent":-5000,"type":"bitmap"},{"file":"char/black.png","chars":[""],"height":5,"ascent":-5000,"type":"bitmap"},{"file":"char/black.png","chars":[""],"height":6,"ascent":-5000,"type":"bitmap"},{"file":"char/black.png","chars":[""],"height":7,"ascent":-5000,"type":"bitmap"},{"file":"char/black.png","chars":[""],"height":15,"ascent":-5000,"type":"bitmap"},{"file":"char/black.png","chars":[""],"height":31,"ascent":-5000,"type":"bitmap"},{"file":"char/black.png","chars":[""],"height":63,"ascent":-5000,"type":"bitmap"},{"file":"char/black.png","chars":[""],"height":127,"ascent":-5000,"type":"bitmap"},{"file":"char/black.png","chars":[""],"height":256,"ascent":-5000,"type":"bitmap"},{"file":"char/black.png","chars":[""],"height":512,"ascent":-5000,"type":"bitmap"},{"file":"char/black.png","chars":[""],"height":1024,"ascent":-5000,"type":"bitmap"},{"file":"char/black.png","chars":[""],"height":-3,"ascent":-5000,"type":"bitmap"},{"file":"char/black.png","chars":[""],"height":-4,"ascent":-5000,"type":"bitmap"},{"file":"char/black.png","chars":[""],"height":-5,"ascent":-5000,"type":"bitmap"},{"file":"char/black.png","chars":[""],"height":-6,"ascent":-5000,"type":"bitmap"},{"file":"char/black.png","chars":[""],"height":-7,"ascent":-5000,"type":"bitmap"},{"file":"char/black.png","chars":[""],"height":-8,"ascent":-5000,"type":"bitmap"},{"file":"char/black.png","chars":[""],"height":-9,"ascent":-5000,"type":"bitmap"},{"file":"char/black.png","chars":[""],"height":-10,"ascent":-5000,"type":"bitmap"},{"file":"char/black.png","chars":[""],"height":-18,"ascent":-5000,"type":"bitmap"},{"file":"char/black.png","chars":[""],"height":-34,"ascent":-5000,"type":"bitmap"},{"file":"char/black.png","chars":[""],"height":-66,"ascent":-5000,"type":"bitmap"},{"file":"char/black.png","chars":[""],"height":-130,"ascent":-5000,"type":"bitmap"},{"file":"char/black.png","chars":[""],"height":-259,"ascent":-5000,"type":"bitmap"},{"file":"char/black.png","chars":[""],"height":-515,"ascent":-5000,"type":"bitmap"},{"file":"char/black.png","chars":[""],"height":-1027,"ascent":-5000,"type":"bitmap"},{"file":"myemotes:font/emotes/3adpblx.png","chars":[""],"height":11,"ascent":9,"type":"bitmap"},{"file":"myemotes:font/emotes/4am.png","chars":[""],"height":13,"ascent":10,"type":"bitmap"},{"file":"myemotes:font/emotes/4header.png","chars":[""],"height":10,"ascent":9,"type":"bitmap"},{"file":"myemotes:font/emotes/5chomp.png","chars":[""],"height":11,"ascent":9,"type":"bitmap"},{"file":"myemotes:font/emotes/actually.png","chars":[""],"height":10,"ascent":9,"type":"bitmap"},{"file":"myemotes:font/emotes/alienunpleased.png","chars":[""],"height":12,"ascent":10,"type":"bitmap"},{"file":"myemotes:font/emotes/amnyamshto.png","chars":[""],"height":11,"ascent":9,"type":"bitmap"},{"file":"myemotes:font/emotes/aware.png","chars":[""],"height":11,"ascent":9,"type":"bitmap"},{"file":"myemotes:font/emotes/aweewoo.png","chars":[""],"height":11,"ascent":9,"type":"bitmap"},{"file":"myemotes:font/emotes/balls.png","chars":[""],"height":11,"ascent":8,"type":"bitmap"},{"file":"myemotes:font/emotes/based.png","chars":[""],"height":11,"ascent":9,"type":"bitmap"},{"file":"myemotes:font/emotes/batchest.png","chars":[""],"height":10,"ascent":9,"type":"bitmap"},{"file":"myemotes:font/emotes/besplatno.png","chars":[""],"height":10,"ascent":9,"type":"bitmap"},{"file":"myemotes:font/emotes/binoculars.png","chars":[""],"height":11,"ascent":10,"type":"bitmap"},{"file":"myemotes:font/emotes/blyatge.png","chars":[""],"height":11,"ascent":9,"type":"bitmap"},{"file":"myemotes:font/emotes/bogged.png","chars":[""],"height":11,"ascent":10,"type":"bitmap"},{"file":"myemotes:font/emotes/booo.png","chars":[""],"height":12,"ascent":9,"type":"bitmap"},{"file":"myemotes:font/emotes/bror.png","chars":[""],"height":12,"ascent":10,"type":"bitmap"},{"file":"myemotes:font/emotes/bruh.png","chars":[""],"height":11,"ascent":10,"type":"bitmap"},{"file":"myemotes:font/emotes/catdespair.png","chars":[""],"height":11,"ascent":9,"type":"bitmap"},{"file":"myemotes:font/emotes/catnerd.png","chars":[""],"height":11,"ascent":8,"type":"bitmap"},{"file":"myemotes:font/emotes/catsittingverycomfortable.png","chars":[""],"height":11,"ascent":9,"type":"bitmap"},{"file":"myemotes:font/emotes/catwow.png","chars":[""],"height":11,"ascent":9,"type":"bitmap"},{"file":"myemotes:font/emotes/chainik.png","chars":[""],"height":13,"ascent":10,"type":"bitmap"},{"file":"myemotes:font/emotes/pwgoodchel.png","chars":[""],"height":13,"ascent":10,"type":"bitmap"},{"file":"myemotes:font/emotes/cinema.png","chars":[""],"height":11,"ascent":9,"type":"bitmap"},{"file":"myemotes:font/emotes/clueless.png","chars":[""],"height":11,"ascent":9,"type":"bitmap"},{"file":"myemotes:font/emotes/cmonbruh.png","chars":[""],"height":12,"ascent":9,"type":"bitmap"},{"file":"myemotes:font/emotes/concerned.png","chars":[""],"height":10,"ascent":9,"type":"bitmap"},{"file":"myemotes:font/emotes/copium.png","chars":[""],"height":10,"ascent":9,"type":"bitmap"},{"file":"myemotes:font/emotes/cot.png","chars":[""],"height":11,"ascent":9,"type":"bitmap"},{"file":"myemotes:font/emotes/dankiheart.png","chars":[""],"height":10,"ascent":8,"type":"bitmap"},{"file":"myemotes:font/emotes/discussion.png","chars":[""],"height":11,"ascent":9,"type":"bitmap"},{"file":"myemotes:font/emotes/durka.png","chars":[""],"height":11,"ascent":9,"type":"bitmap"},{"file":"myemotes:font/emotes/eh.png","chars":[""],"height":11,"ascent":10,"type":"bitmap"},{"file":"myemotes:font/emotes/eshrug.png","chars":[""],"height":12,"ascent":11,"type":"bitmap"},{"file":"myemotes:font/emotes/etokomu.png","chars":[""],"height":11,"ascent":9,"type":"bitmap"},{"file":"myemotes:font/emotes/feelsamazingman.png","chars":[""],"height":11,"ascent":9,"type":"bitmap"},{"file":"myemotes:font/emotes/feelsamazingman.png","chars":[""],"height":11,"ascent":9,"type":"bitmap"},{"file":"myemotes:font/emotes/feelsbadman.png","chars":[""],"height":11,"ascent":9,"type":"bitmap"},{"file":"myemotes:font/emotes/feelsdankman.png","chars":[""],"height":11,"ascent":9,"type":"bitmap"},{"file":"myemotes:font/emotes/feelsdonkman.png","chars":[""],"height":11,"ascent":9,"type":"bitmap"},{"file":"myemotes:font/emotes/feelsdyslexiaman.png","chars":[""],"height":11,"ascent":9,"type":"bitmap"},{"file":"myemotes:font/emotes/feelsdyslexiaman.png","chars":[""],"height":11,"ascent":9,"type":"bitmap"},{"file":"myemotes:font/emotes/feelsgoodman.png","chars":[""],"height":11,"ascent":9,"type":"bitmap"},{"file":"myemotes:font/emotes/feelsokayman.png","chars":[""],"height":10,"ascent":9,"type":"bitmap"},{"file":"myemotes:font/emotes/feelsstrongman.png","chars":[""],"height":10,"ascent":9,"type":"bitmap"},{"file":"myemotes:font/emotes/feelsweirdman.png","chars":[""],"height":11,"ascent":9,"type":"bitmap"},{"file":"myemotes:font/emotes/flushe.png","chars":[""],"height":11,"ascent":9,"type":"bitmap"},{"file":"myemotes:font/emotes/flushed.png","chars":[""],"height":12,"ascent":10,"type":"bitmap"},{"file":"myemotes:font/emotes/forsenbased.png","chars":[""],"height":11,"ascent":10,"type":"bitmap"},{"file":"myemotes:font/emotes/forsenbirthday.png","chars":[""],"height":11,"ascent":9,"type":"bitmap"},{"file":"myemotes:font/emotes/forsencd.png","chars":[""],"height":11,"ascent":9,"type":"bitmap"},{"file":"myemotes:font/emotes/forsendespair.png","chars":[""],"height":12,"ascent":10,"type":"bitmap"},{"file":"myemotes:font/emotes/forsene.png","chars":[""],"height":12,"ascent":10,"type":"bitmap"},{"file":"myemotes:font/emotes/forsenkek.png","chars":[""],"height":11,"ascent":9,"type":"bitmap"},{"file":"myemotes:font/emotes/forsenlevel.png","chars":[""],"height":11,"ascent":9,"type":"bitmap"},{"file":"myemotes:font/emotes/forsenscoots.png","chars":[""],"height":11,"ascent":9,"type":"bitmap"},{"file":"myemotes:font/emotes/forsensmug.png","chars":[""],"height":11,"ascent":9,"type":"bitmap"},{"file":"myemotes:font/emotes/forsenwhat.png","chars":[""],"height":11,"ascent":9,"type":"bitmap"},{"file":"myemotes:font/emotes/frame023.png","chars":[""],"height":11,"ascent":9,"type":"bitmap"},{"file":"myemotes:font/emotes/frame145.png","chars":[""],"height":11,"ascent":9,"type":"bitmap"},{"file":"myemotes:font/emotes/gachigasm.png","chars":[""],"height":11,"ascent":9,"type":"bitmap"},{"file":"myemotes:font/emotes/gagaga.png","chars":[""],"height":11,"ascent":9,"type":"bitmap"},{"file":"myemotes:font/emotes/gasp.png","chars":[""],"height":11,"ascent":9,"type":"bitmap"},{"file":"myemotes:font/emotes/gigachad.png","chars":[""],"height":11,"ascent":9,"type":"bitmap"},{"file":"myemotes:font/emotes/goodmorning.png","chars":[""],"height":12,"ascent":10,"type":"bitmap"},{"file":"myemotes:font/emotes/guh.png","chars":[""],"height":11,"ascent":9,"type":"bitmap"},{"file":"myemotes:font/emotes/gva.png","chars":[""],"height":11,"ascent":9,"type":"bitmap"},{"file":"myemotes:font/emotes/handshakege.png","chars":[""],"height":11,"ascent":9,"type":"bitmap"},{"file":"myemotes:font/emotes/hmm.png","chars":[""],"height":10,"ascent":9,"type":"bitmap"},{"file":"myemotes:font/emotes/homi.png","chars":[""],"height":13,"ascent":10,"type":"bitmap"},{"file":"myemotes:font/emotes/jaba.png","chars":[""],"height":10,"ascent":8,"type":"bitmap"},{"file":"myemotes:font/emotes/jebaited.png","chars":[""],"height":11,"ascent":9,"type":"bitmap"},{"file":"myemotes:font/emotes/judge.png","chars":[""],"height":11,"ascent":9,"type":"bitmap"},{"file":"myemotes:font/emotes/kapp.png","chars":[""],"height":11,"ascent":9,"type":"bitmap"},{"file":"myemotes:font/emotes/kappa.png","chars":[""],"height":13,"ascent":10,"type":"bitmap"},{"file":"myemotes:font/emotes/kavo.png","chars":[""],"height":11,"ascent":9,"type":"bitmap"},{"file":"myemotes:font/emotes/kekbomb.png","chars":[""],"height":11,"ascent":9,"type":"bitmap"},{"file":"myemotes:font/emotes/kekehands.png","chars":[""],"height":11,"ascent":9,"type":"bitmap"},{"file":"myemotes:font/emotes/kekvv.png","chars":[""],"height":11,"ascent":9,"type":"bitmap"},{"file":"myemotes:font/emotes/kekvv.png","chars":[""],"height":11,"ascent":9,"type":"bitmap"},{"file":"myemotes:font/emotes/kekwait.png","chars":[""],"height":11,"ascent":9,"type":"bitmap"},{"file":"myemotes:font/emotes/kkomrade.png","chars":[""],"height":11,"ascent":9,"type":"bitmap"},{"file":"myemotes:font/emotes/klass.png","chars":[""],"height":11,"ascent":9,"type":"bitmap"},{"file":"myemotes:font/emotes/kot.png","chars":[""],"height":11,"ascent":10,"type":"bitmap"},{"file":"myemotes:font/emotes/ktowho.png","chars":[""],"height":11,"ascent":9,"type":"bitmap"},{"file":"myemotes:font/emotes/ladno.png","chars":[""],"height":11,"ascent":9,"type":"bitmap"},{"file":"myemotes:font/emotes/life.png","chars":[""],"height":11,"ascent":9,"type":"bitmap"},{"file":"myemotes:font/emotes/look.png","chars":[""],"height":10,"ascent":9,"type":"bitmap"},{"file":"myemotes:font/emotes/lor.png","chars":[""],"height":10,"ascent":8,"type":"bitmap"},{"file":"myemotes:font/emotes/lule.png","chars":[""],"height":11,"ascent":9,"type":"bitmap"},{"file":"myemotes:font/emotes/lulw.png","chars":[""],"height":11,"ascent":9,"type":"bitmap"},{"file":"myemotes:font/emotes/lunasleep.png","chars":[""],"height":11,"ascent":9,"type":"bitmap"},{"file":"myemotes:font/emotes/lurkpotato.png","chars":[""],"height":11,"ascent":9,"type":"bitmap"},{"file":"myemotes:font/emotes/maaaaan.png","chars":[""],"height":11,"ascent":9,"type":"bitmap"},{"file":"myemotes:font/emotes/mandarino.png","chars":[""],"height":11,"ascent":9,"type":"bitmap"},{"file":"myemotes:font/emotes/megalul.png","chars":[""],"height":12,"ascent":9,"type":"bitmap"},{"file":"myemotes:font/emotes/mmmmm.png","chars":[""],"height":11,"ascent":9,"type":"bitmap"},{"file":"myemotes:font/emotes/mojang.png","chars":[""],"height":11,"ascent":8,"type":"bitmap"},{"file":"myemotes:font/emotes/monka.png","chars":[""],"height":11,"ascent":9,"type":"bitmap"},{"file":"myemotes:font/emotes/monkacat.png","chars":[""],"height":11,"ascent":9,"type":"bitmap"},{"file":"myemotes:font/emotes/monkahmm.png","chars":[""],"height":11,"ascent":9,"type":"bitmap"},{"file":"myemotes:font/emotes/monkalaugh.png","chars":[""],"height":11,"ascent":9,"type":"bitmap"},{"file":"myemotes:font/emotes/monkaomega.png","chars":[""],"height":11,"ascent":9,"type":"bitmap"},{"file":"myemotes:font/emotes/monkatos.png","chars":[""],"height":11,"ascent":9,"type":"bitmap"},{"file":"myemotes:font/emotes/monkauomega.png","chars":[""],"height":11,"ascent":9,"type":"bitmap"},{"file":"myemotes:font/emotes/myhonestreaction.png","chars":[""],"height":11,"ascent":10,"type":"bitmap"},{"file":"myemotes:font/emotes/myhonestreaction.png","chars":[""],"height":11,"ascent":10,"type":"bitmap"},{"file":"myemotes:font/emotes/navstare.png","chars":[""],"height":11,"ascent":9,"type":"bitmap"},{"file":"myemotes:font/emotes/neklass.png","chars":[""],"height":11,"ascent":9,"type":"bitmap"},{"file":"myemotes:font/emotes/nespravedlivo.png","chars":[""],"height":12,"ascent":9,"type":"bitmap"},{"file":"myemotes:font/emotes/noo.png","chars":[""],"height":13,"ascent":10,"type":"bitmap"},{"file":"myemotes:font/emotes/nothanks.png","chars":[""],"height":12,"ascent":10,"type":"bitmap"},{"file":"myemotes:font/emotes/nyehehehe.png","chars":[""],"height":11,"ascent":9,"type":"bitmap"},{"file":"myemotes:font/emotes/oh.png","chars":[""],"height":10,"ascent":8,"type":"bitmap"},{"file":"myemotes:font/emotes/ok.png","chars":[""],"height":13,"ascent":11,"type":"bitmap"},{"file":"myemotes:font/emotes/okak.png","chars":[""],"height":11,"ascent":9,"type":"bitmap"},{"file":"myemotes:font/emotes/okayeg.png","chars":[""],"height":13,"ascent":10,"type":"bitmap"},{"file":"myemotes:font/emotes/okcat.png","chars":[""],"height":11,"ascent":9,"type":"bitmap"},{"file":"myemotes:font/emotes/okey.png","chars":[""],"height":11,"ascent":9,"type":"bitmap"},{"file":"myemotes:font/emotes/omegalul.png","chars":[""],"height":13,"ascent":10,"type":"bitmap"},{"file":"myemotes:font/emotes/opachki.png","chars":[""],"height":11,"ascent":9,"type":"bitmap"},{"file":"myemotes:font/emotes/otag.png","chars":[""],"height":11,"ascent":9,"type":"bitmap"},{"file":"myemotes:font/emotes/otagcinema.png","chars":[""],"height":11,"ascent":9,"type":"bitmap"},{"file":"myemotes:font/emotes/otagl.png","chars":[""],"height":11,"ascent":9,"type":"bitmap"},{"file":"myemotes:font/emotes/otagshrug.png","chars":[""],"height":11,"ascent":9,"type":"bitmap"},{"file":"myemotes:font/emotes/ozonf.png","chars":[""],"height":11,"ascent":9,"type":"bitmap"},{"file":"myemotes:font/emotes/pag.png","chars":[""],"height":11,"ascent":9,"type":"bitmap"},{"file":"myemotes:font/emotes/pagchomp.png","chars":[""],"height":12,"ascent":9,"type":"bitmap"},{"file":"myemotes:font/emotes/pagman.png","chars":[""],"height":11,"ascent":9,"type":"bitmap"},{"file":"myemotes:font/emotes/pause.png","chars":[""],"height":10,"ascent":8,"type":"bitmap"},{"file":"myemotes:font/emotes/pausechamp.png","chars":[""],"height":11,"ascent":9,"type":"bitmap"},{"file":"myemotes:font/emotes/peepobuilder.png","chars":[""],"height":12,"ascent":10,"type":"bitmap"},{"file":"myemotes:font/emotes/peepocomfy.png","chars":[""],"height":13,"ascent":10,"type":"bitmap"},{"file":"myemotes:font/emotes/peepodetective.png","chars":[""],"height":11,"ascent":9,"type":"bitmap"},{"file":"myemotes:font/emotes/peepodown.png","chars":[""],"height":12,"ascent":10,"type":"bitmap"},{"file":"myemotes:font/emotes/peepofarmer.png","chars":[""],"height":11,"ascent":9,"type":"bitmap"},{"file":"myemotes:font/emotes/peepofriendship.png","chars":[""],"height":12,"ascent":10,"type":"bitmap"},{"file":"myemotes:font/emotes/peepohappy.png","chars":[""],"height":11,"ascent":9,"type":"bitmap"},{"file":"myemotes:font/emotes/peepohuy.png","chars":[""],"height":11,"ascent":9,"type":"bitmap"},{"file":"myemotes:font/emotes/peepoknife.png","chars":[""],"height":12,"ascent":11,"type":"bitmap"},{"file":"myemotes:font/emotes/peepolove.png","chars":[""],"height":11,"ascent":9,"type":"bitmap"},{"file":"myemotes:font/emotes/peepolurk.png","chars":[""],"height":13,"ascent":11,"type":"bitmap"},{"file":"myemotes:font/emotes/peepookay.png","chars":[""],"height":11,"ascent":9,"type":"bitmap"},{"file":"myemotes:font/emotes/peepopoo.png","chars":[""],"height":12,"ascent":9,"type":"bitmap"},{"file":"myemotes:font/emotes/peeporain.png","chars":[""],"height":11,"ascent":10,"type":"bitmap"},{"file":"myemotes:font/emotes/peepos.png","chars":[""],"height":12,"ascent":10,"type":"bitmap"},{"file":"myemotes:font/emotes/peeposad.png","chars":[""],"height":11,"ascent":9,"type":"bitmap"},{"file":"myemotes:font/emotes/peeposhy.png","chars":[""],"height":15,"ascent":13,"type":"bitmap"},{"file":"myemotes:font/emotes/peeposit.png","chars":[""],"height":11,"ascent":9,"type":"bitmap"},{"file":"myemotes:font/emotes/peepowtf.png","chars":[""],"height":11,"ascent":9,"type":"bitmap"},{"file":"myemotes:font/emotes/pepea.png","chars":[""],"height":12,"ascent":9,"type":"bitmap"},{"file":"myemotes:font/emotes/pepehands.png","chars":[""],"height":13,"ascent":10,"type":"bitmap"},{"file":"myemotes:font/emotes/pepelaugh.png","chars":[""],"height":13,"ascent":9,"type":"bitmap"},{"file":"myemotes:font/emotes/pepepains.png","chars":[""],"height":11,"ascent":9,"type":"bitmap"},{"file":"myemotes:font/emotes/pepew.png","chars":[""],"height":10,"ascent":9,"type":"bitmap"},{"file":"myemotes:font/emotes/pepey.png","chars":[""],"height":13,"ascent":10,"type":"bitmap"},{"file":"myemotes:font/emotes/pepog.png","chars":[""],"height":13,"ascent":11,"type":"bitmap"},{"file":"myemotes:font/emotes/pipec.png","chars":[""],"height":11,"ascent":9,"type":"bitmap"},{"file":"myemotes:font/emotes/plenk.png","chars":[""],"height":10,"ascent":8,"type":"bitmap"},{"file":"myemotes:font/emotes/plink.png","chars":[""],"height":11,"ascent":9,"type":"bitmap"},{"file":"myemotes:font/emotes/pokupaitedengi.png","chars":[""],"height":13,"ascent":10,"type":"bitmap"},{"file":"myemotes:font/emotes/pominki.png","chars":[""],"height":11,"ascent":9,"type":"bitmap"},{"file":"myemotes:font/emotes/pooshka.png","chars":[""],"height":13,"ascent":10,"type":"bitmap"},{"file":"myemotes:font/emotes/porosad.png","chars":[""],"height":12,"ascent":10,"type":"bitmap"},{"file":"myemotes:font/emotes/potfriend.png","chars":[""],"height":13,"ascent":10,"type":"bitmap"},{"file":"myemotes:font/emotes/potunpleased.png","chars":[""],"height":13,"ascent":10,"type":"bitmap"},{"file":"myemotes:font/emotes/ppl.png","chars":[""],"height":11,"ascent":9,"type":"bitmap"},{"file":"myemotes:font/emotes/pwgood.png","chars":[""],"height":13,"ascent":10,"type":"bitmap"},{"file":"myemotes:font/emotes/pwgood3.png","chars":[""],"height":13,"ascent":10,"type":"bitmap"},{"file":"myemotes:font/emotes/pwgood4.png","chars":[""],"height":11,"ascent":9,"type":"bitmap"},{"file":"myemotes:font/emotes/pwgoodbased.png","chars":[""],"height":12,"ascent":9,"type":"bitmap"},{"file":"myemotes:font/emotes/pwgoodchel.png","chars":[""],"height":13,"ascent":10,"type":"bitmap"},{"file":"myemotes:font/emotes/pwgooddespair.png","chars":[""],"height":12,"ascent":9,"type":"bitmap"},{"file":"myemotes:font/emotes/pwgoodg.png","chars":[""],"height":13,"ascent":10,"type":"bitmap"},{"file":"myemotes:font/emotes/pwgoodgun.png","chars":[""],"height":13,"ascent":10,"type":"bitmap"},{"file":"myemotes:font/emotes/pwgoodhappy.png","chars":[""],"height":11,"ascent":9,"type":"bitmap"},{"file":"myemotes:font/emotes/pwgoodinsane.png","chars":[""],"height":11,"ascent":9,"type":"bitmap"},{"file":"myemotes:font/emotes/kekehands.png","chars":[""],"height":11,"ascent":9,"type":"bitmap"},{"file":"myemotes:font/emotes/pwgoodl.png","chars":[""],"height":13,"ascent":10,"type":"bitmap"},{"file":"myemotes:font/emotes/pwgoodlife.png","chars":[""],"height":10,"ascent":9,"type":"bitmap"},{"file":"myemotes:font/emotes/pwgoodpag.png","chars":[""],"height":10,"ascent":9,"type":"bitmap"},{"file":"myemotes:font/emotes/pwgoodsilly.png","chars":[""],"height":10,"ascent":9,"type":"bitmap"},{"file":"myemotes:font/emotes/pwgoodsleep.png","chars":[""],"height":10,"ascent":9,"type":"bitmap"},{"file":"myemotes:font/emotes/pwgoodsmug.png","chars":[""],"height":11,"ascent":9,"type":"bitmap"},{"file":"myemotes:font/emotes/pwgoodsussy.png","chars":[""],"height":10,"ascent":9,"type":"bitmap"},{"file":"myemotes:font/emotes/pwgoodwoke.png","chars":[""],"height":11,"ascent":9,"type":"bitmap"},{"file":"myemotes:font/emotes/pwgoodyou.png","chars":[""],"height":13,"ascent":10,"type":"bitmap"},{"file":"myemotes:font/emotes/realization.png","chars":[""],"height":12,"ascent":10,"type":"bitmap"},{"file":"myemotes:font/emotes/rebyata.png","chars":[""],"height":10,"ascent":8,"type":"bitmap"},{"file":"myemotes:font/emotes/rekfordsoy.png","chars":[""],"height":10,"ascent":9,"type":"bitmap"},{"file":"myemotes:font/emotes/rilaveoff.png","chars":[""],"height":10,"ascent":9,"type":"bitmap"},{"file":"myemotes:font/emotes/sad.png","chars":[""],"height":13,"ascent":11,"type":"bitmap"},{"file":"myemotes:font/emotes/sadchamp.png","chars":[""],"height":12,"ascent":10,"type":"bitmap"},{"file":"myemotes:font/emotes/sadge.png","chars":[""],"height":13,"ascent":11,"type":"bitmap"},{"file":"myemotes:font/emotes/saj.png","chars":[""],"height":11,"ascent":9,"type":"bitmap"},{"file":"myemotes:font/emotes/saturday.png","chars":[""],"height":9,"ascent":8,"type":"bitmap"},{"file":"myemotes:font/emotes/shto.png","chars":[""],"height":11,"ascent":9,"type":"bitmap"},{"file":"myemotes:font/emotes/sillystare.png","chars":[""],"height":11,"ascent":9,"type":"bitmap"},{"file":"myemotes:font/emotes/sisyphus.png","chars":[""],"height":10,"ascent":9,"type":"bitmap"},{"file":"myemotes:font/emotes/something.png","chars":[""],"height":11,"ascent":10,"type":"bitmap"},{"file":"myemotes:font/emotes/spravedlivo.png","chars":[""],"height":13,"ascent":10,"type":"bitmap"},{"file":"myemotes:font/emotes/stare.png","chars":[""],"height":10,"ascent":8,"type":"bitmap"},{"file":"myemotes:font/emotes/suka.png","chars":[""],"height":10,"ascent":9,"type":"bitmap"},{"file":"myemotes:font/emotes/sussy.png","chars":[""],"height":11,"ascent":9,"type":"bitmap"},{"file":"myemotes:font/emotes/taa.png","chars":[""],"height":10,"ascent":8,"type":"bitmap"},{"file":"myemotes:font/emotes/taah.png","chars":[""],"height":10,"ascent":8,"type":"bitmap"},{"file":"myemotes:font/emotes/teatime.png","chars":[""],"height":11,"ascent":9,"type":"bitmap"},{"file":"myemotes:font/emotes/tf.png","chars":[""],"height":12,"ascent":10,"type":"bitmap"},{"file":"myemotes:font/emotes/thinking.png","chars":[""],"height":12,"ascent":10,"type":"bitmap"},{"file":"myemotes:font/emotes/tomfoolery.png","chars":[""],"height":11,"ascent":9,"type":"bitmap"},{"file":"myemotes:font/emotes/trefis.png","chars":[""],"height":10,"ascent":9,"type":"bitmap"},{"file":"myemotes:font/emotes/trihard.png","chars":[""],"height":12,"ascent":10,"type":"bitmap"},{"file":"myemotes:font/emotes/tuwka.png","chars":[""],"height":10,"ascent":9,"type":"bitmap"},{"file":"myemotes:font/emotes/upal.png","chars":[""],"height":12,"ascent":11,"type":"bitmap"},{"file":"myemotes:font/emotes/ura.png","chars":[""],"height":10,"ascent":9,"type":"bitmap"},{"file":"myemotes:font/emotes/uuh.png","chars":[""],"height":11,"ascent":9,"type":"bitmap"},{"file":"myemotes:font/emotes/vislaud.png","chars":[""],"height":11,"ascent":10,"type":"bitmap"},{"file":"myemotes:font/emotes/waiting.png","chars":[""],"height":11,"ascent":9,"type":"bitmap"},{"file":"myemotes:font/emotes/watching.png","chars":[""],"height":11,"ascent":9,"type":"bitmap"},{"file":"myemotes:font/emotes/weirdchamp.png","chars":[""],"height":11,"ascent":10,"type":"bitmap"},{"file":"myemotes:font/emotes/widepeepohappy.png","chars":[""],"height":11,"ascent":10,"type":"bitmap"},{"file":"myemotes:font/emotes/widepeeposad.png","chars":[""],"height":12,"ascent":11,"type":"bitmap"},{"file":"myemotes:font/emotes/wires.png","chars":[""],"height":10,"ascent":8,"type":"bitmap"},{"file":"myemotes:font/emotes/wot.png","chars":[""],"height":11,"ascent":9,"type":"bitmap"},{"file":"myemotes:font/emotes/wtf.png","chars":[""],"height":11,"ascent":10,"type":"bitmap"},{"file":"myemotes:font/emotes/zaebok.png","chars":[""],"height":10,"ascent":8,"type":"bitmap"},{"file":"myemotes:font/emotes/zbs.png","chars":[""],"height":13,"ascent":10,"type":"bitmap"},{"file":"myemotes:font/emotes/zoloto.png","chars":[""],"height":11,"ascent":9,"type":"bitmap"},{"file":"myemotes:font/emotes/zulul.png","chars":[""],"height":10,"ascent":9,"type":"bitmap"}]}