{
	"credit": "Made with Blockbench",
	"texture_size": [64, 64],
	"textures": {
		"1": "item/pepeland/carved_pumpkin/part_1/kastrula/kastrula"
	},
	"elements": [
		{
			"from": [2.5, 0, 3],
			"to": [3.5, 8, 13],
			"faces": {
				"north": {"uv": [3.25, 6.75, 3.5, 8.75], "texture": "#1"},
				"east": {"uv": [0, 0, 2.5, 2], "texture": "#1"},
				"south": {"uv": [3.5, 6.75, 3.75, 8.75], "texture": "#1"},
				"west": {"uv": [0, 2, 2.5, 4], "texture": "#1"},
				"up": {"uv": [2.5, 8.5, 2.25, 6], "texture": "#1"},
				"down": {"uv": [2.75, 6, 2.5, 8.5], "texture": "#1"}
			}
		},
		{
			"from": [12.5, 0, 3],
			"to": [13.5, 8, 13],
			"faces": {
				"north": {"uv": [3.75, 6.75, 4, 8.75], "texture": "#1"},
				"east": {"uv": [2.5, 0, 5, 2], "texture": "#1"},
				"south": {"uv": [4, 6.75, 4.25, 8.75], "texture": "#1"},
				"west": {"uv": [2.5, 2, 5, 4], "texture": "#1"},
				"up": {"uv": [3, 8.5, 2.75, 6], "texture": "#1"},
				"down": {"uv": [3.25, 6, 3, 8.5], "texture": "#1"}
			}
		},
		{
			"from": [3.5, 0, 3],
			"to": [12.5, 8, 4],
			"faces": {
				"north": {"uv": [0, 4, 2.25, 6], "texture": "#1"},
				"east": {"uv": [6.75, 4, 7, 6], "texture": "#1"},
				"south": {"uv": [2.25, 4, 4.5, 6], "texture": "#1"},
				"west": {"uv": [4.25, 6.75, 4.5, 8.75], "texture": "#1"},
				"up": {"uv": [5.5, 6.25, 3.25, 6], "texture": "#1"},
				"down": {"uv": [7.75, 6, 5.5, 6.25], "texture": "#1"}
			}
		},
		{
			"from": [3.5, 0, 12],
			"to": [12.5, 8, 13],
			"faces": {
				"north": {"uv": [4.5, 4, 6.75, 6], "texture": "#1"},
				"east": {"uv": [4.5, 6.75, 4.75, 8.75], "texture": "#1"},
				"south": {"uv": [5, 0, 7.25, 2], "texture": "#1"},
				"west": {"uv": [4.75, 6.75, 5, 8.75], "texture": "#1"},
				"up": {"uv": [5.5, 6.5, 3.25, 6.25], "texture": "#1"},
				"down": {"uv": [7.75, 6.25, 5.5, 6.5], "texture": "#1"}
			}
		},
		{
			"from": [3.5, 0, 4],
			"to": [12.5, 1, 12],
			"faces": {
				"north": {"uv": [3.25, 6.5, 5.5, 6.75], "texture": "#1"},
				"east": {"uv": [5, 6.75, 7, 7], "texture": "#1"},
				"south": {"uv": [5.5, 6.5, 7.75, 6.75], "texture": "#1"},
				"west": {"uv": [7, 4, 9, 4.25], "texture": "#1"},
				"up": {"uv": [7.25, 4, 5, 2], "texture": "#1"},
				"down": {"uv": [2.25, 6, 0, 8], "texture": "#1"}
			}
		},
		{
			"from": [13.5, 5, 5.5],
			"to": [15.5, 6, 6.5],
			"faces": {
				"north": {"uv": [7, 6.75, 7.5, 7], "texture": "#1"},
				"east": {"uv": [7.25, 7.25, 7.5, 7.5], "texture": "#1"},
				"south": {"uv": [7.25, 2.5, 7.75, 2.75], "texture": "#1"},
				"west": {"uv": [7.5, 0, 7.75, 0.25], "texture": "#1"},
				"up": {"uv": [7.75, 3, 7.25, 2.75], "texture": "#1"},
				"down": {"uv": [7.75, 3, 7.25, 3.25], "texture": "#1"}
			}
		},
		{
			"from": [-0.5, 5, 5.5],
			"to": [0.5, 6, 10.5],
			"faces": {
				"north": {"uv": [7.5, 2.25, 7.75, 2.5], "texture": "#1"},
				"east": {"uv": [5.25, 7, 6.5, 7.25], "texture": "#1"},
				"south": {"uv": [5.25, 7.5, 5.5, 7.75], "texture": "#1"},
				"west": {"uv": [6.5, 7, 7.75, 7.25], "texture": "#1"},
				"up": {"uv": [7.5, 1.25, 7.25, 0], "texture": "#1"},
				"down": {"uv": [7.5, 1.25, 7.25, 2.5], "texture": "#1"}
			}
		},
		{
			"from": [0.5, 5, 9.5],
			"to": [2.5, 6, 10.5],
			"faces": {
				"north": {"uv": [5.75, 7.25, 6.25, 7.5], "texture": "#1"},
				"east": {"uv": [7.5, 1.75, 7.75, 2], "texture": "#1"},
				"south": {"uv": [7.25, 5.75, 7.75, 6], "texture": "#1"},
				"west": {"uv": [7.5, 2, 7.75, 2.25], "texture": "#1"},
				"up": {"uv": [6.75, 7.5, 6.25, 7.25], "texture": "#1"},
				"down": {"uv": [7.25, 7.25, 6.75, 7.5], "texture": "#1"}
			}
		},
		{
			"from": [0.5, 5, 5.5],
			"to": [2.5, 6, 6.5],
			"faces": {
				"north": {"uv": [7.25, 5, 7.75, 5.25], "texture": "#1"},
				"east": {"uv": [7.5, 1.25, 7.75, 1.5], "texture": "#1"},
				"south": {"uv": [5.25, 7.25, 5.75, 7.5], "texture": "#1"},
				"west": {"uv": [7.5, 1.5, 7.75, 1.75], "texture": "#1"},
				"up": {"uv": [7.75, 5.5, 7.25, 5.25], "texture": "#1"},
				"down": {"uv": [7.75, 5.5, 7.25, 5.75], "texture": "#1"}
			}
		},
		{
			"from": [13.5, 5, 9.5],
			"to": [15.5, 6, 10.5],
			"faces": {
				"north": {"uv": [7.25, 3.25, 7.75, 3.5], "texture": "#1"},
				"east": {"uv": [7.5, 0.25, 7.75, 0.5], "texture": "#1"},
				"south": {"uv": [7.25, 3.5, 7.75, 3.75], "texture": "#1"},
				"west": {"uv": [7.5, 0.5, 7.75, 0.75], "texture": "#1"},
				"up": {"uv": [7.75, 4, 7.25, 3.75], "texture": "#1"},
				"down": {"uv": [7.75, 4.75, 7.25, 5], "texture": "#1"}
			}
		},
		{
			"from": [15.5, 5, 5.5],
			"to": [16.5, 6, 10.5],
			"faces": {
				"north": {"uv": [7.5, 0.75, 7.75, 1], "texture": "#1"},
				"east": {"uv": [7, 4.25, 8.25, 4.5], "texture": "#1"},
				"south": {"uv": [7.5, 1, 7.75, 1.25], "texture": "#1"},
				"west": {"uv": [7, 4.5, 8.25, 4.75], "texture": "#1"},
				"up": {"uv": [7.25, 6, 7, 4.75], "texture": "#1"},
				"down": {"uv": [5.25, 7, 5, 8.25], "texture": "#1"}
			}
		}
	],
	"display": {
		"thirdperson_righthand": {
			"rotation": [0, 90, 0],
			"translation": [0, 1.25, -6],
			"scale": [0.85, 0.85, 0.85]
		},
		"thirdperson_lefthand": {
			"rotation": [0, 90, 0],
			"translation": [0, 1.25, -6],
			"scale": [0.85, 0.85, 0.85]
		},
		"firstperson_righthand": {
			"rotation": [0, -58, 0],
			"translation": [0, 6, 0.25],
			"scale": [0.56, 0.56, 0.56]
		},
		"firstperson_lefthand": {
			"rotation": [0, -58, 0],
			"translation": [0, 6, 0.25],
			"scale": [0.56, 0.56, 0.56]
		},
		"ground": {
			"translation": [0, 3.5, 0],
			"scale": [0.87, 0.87, 0.87]
		},
		"gui": {
			"rotation": [27, 35, 0],
			"translation": [0, 3.25, 0],
			"scale": [0.91, 0.91, 0.91]
		},
		"head": {
			"rotation": [180, 0, 0],
			"translation": [-0.25, -4, -0.5],
			"scale": [1.63, 1.63, 1.63]
		},
		"fixed": {
			"rotation": [-90, 0, 0],
			"translation": [0, 0, -14],
			"scale": [1.79, 1.79, 1.79]
		}
	}
}