{
	"format_version": "1.21.6",
	"credit": "Made with Blockbench",
	"texture_size": [32, 32],
	"textures": {
		"2": "item/pepeland/carved_pumpkin/part_1/duck/duck",
		"particle": "item/pepeland/carved_pumpkin/part_1/duck/duck"
	},
	"elements": [
		{
			"from": [6, 6, 4],
			"to": [10, 9, 8],
			"rotation": {"angle": 0, "axis": "y", "origin": [6, 6, 4]},
			"faces": {
				"north": {"uv": [7.5, 0, 9.5, 1.5], "texture": "#2"},
				"east": {"uv": [7.5, 1.5, 9.5, 3], "texture": "#2"},
				"south": {"uv": [4, 7.5, 6, 9], "texture": "#2"},
				"west": {"uv": [6, 7.5, 8, 9], "texture": "#2"},
				"up": {"uv": [2, 8, 0, 6], "texture": "#2"},
				"down": {"uv": [4, 6, 2, 8], "texture": "#2"}
			}
		},
		{
			"from": [6.25, 6, 1],
			"to": [9.75, 7.75, 4],
			"rotation": {"angle": 0, "axis": "y", "origin": [7, 6, 2]},
			"faces": {
				"north": {"uv": [7.5, 3, 9.5, 4], "texture": "#2"},
				"east": {"uv": [8, 5, 9.5, 6], "texture": "#2"},
				"south": {"uv": [8, 4, 10, 5], "texture": "#2"},
				"west": {"uv": [8, 7.5, 9.5, 8.5], "texture": "#2"},
				"up": {"uv": [2, 9.5, 0, 8], "texture": "#2"},
				"down": {"uv": [4, 8, 2, 9.5], "texture": "#2"}
			}
		},
		{
			"from": [5.5, 2, 4.5],
			"to": [10.5, 6, 12],
			"rotation": {"angle": 0, "axis": "y", "origin": [6, 4, 4]},
			"faces": {
				"north": {"uv": [5, 0, 7.5, 2], "texture": "#2"},
				"east": {"uv": [0, 4, 4, 6], "texture": "#2"},
				"south": {"uv": [5, 2, 7.5, 4], "texture": "#2"},
				"west": {"uv": [4, 4, 8, 6], "texture": "#2"},
				"up": {"uv": [2.5, 4, 0, 0], "texture": "#2"},
				"down": {"uv": [5, 0, 2.5, 4], "texture": "#2"}
			}
		},
		{
			"from": [4.5, 3, 7.3],
			"to": [5.5, 6.25, 12.3],
			"rotation": {"angle": 0, "axis": "y", "origin": [4.5, 4, 8.75]},
			"faces": {
				"north": {"uv": [4, 9, 4.5, 10.5], "texture": "#2"},
				"east": {"uv": [4, 6, 6.5, 7.5], "texture": "#2"},
				"south": {"uv": [4.5, 9, 5, 10.5], "texture": "#2"},
				"west": {"uv": [6.5, 6, 9, 7.5], "texture": "#2"},
				"up": {"uv": [8.5, 11, 8, 8.5], "texture": "#2"},
				"down": {"uv": [9, 8.5, 8.5, 11], "texture": "#2"}
			}
		},
		{
			"from": [10.5, 3, 7.3],
			"to": [11.5, 6.25, 12.3],
			"rotation": {"angle": 0, "axis": "y", "origin": [10.5, 4, 8.25]},
			"faces": {
				"north": {"uv": [4, 9, 4.5, 10.5], "texture": "#2"},
				"east": {"uv": [4, 6, 6.5, 7.5], "texture": "#2"},
				"south": {"uv": [4.5, 9, 5, 10.5], "texture": "#2"},
				"west": {"uv": [6.5, 6, 9, 7.5], "texture": "#2"},
				"up": {"uv": [8.5, 11, 8, 8.5], "texture": "#2"},
				"down": {"uv": [9, 8.5, 8.5, 11], "texture": "#2"}
			}
		}
	],
	"display": {
		"thirdperson_righthand": {
			"translation": [0, 2.25, 0],
			"scale": [0.41, 0.41, 0.41]
		},
		"thirdperson_lefthand": {
			"translation": [0, 2.25, 0],
			"scale": [0.41, 0.41, 0.41]
		},
		"firstperson_righthand": {
			"rotation": [0, 115, 0],
			"translation": [2.75, 5.5, 0],
			"scale": [0.79, 0.79, 0.79]
		},
		"firstperson_lefthand": {
			"rotation": [0, 115, 0],
			"translation": [2.75, 5.5, 0],
			"scale": [0.79, 0.79, 0.79]
		},
		"ground": {
			"translation": [0, 1.75, 0],
			"scale": [0.7, 0.7, 0.7]
		},
		"gui": {
			"rotation": [28, -136, 0],
			"translation": [0, 3, 0],
			"scale": [1.19, 1.19, 1.19]
		},
		"head": {
			"translation": [0, 12.5, 0]
		},
		"fixed": {
			"rotation": [-90, 0, 0],
			"translation": [0, 0, -9.25],
			"scale": [1.53, 1.53, 1.53]
		}
	}
}