{
	"format_version": "1.21.6",
	"credit": "Made with Blockbench",
	"textures": {
		"0": "item/pepeland/carved_pumpkin/part_2/crane/crane",
		"1": "item/pepeland/carved_pumpkin/part_2/crane/leona",
		"2": "item/pepeland/carved_pumpkin/part_2/crane/gwinsen",
		"particle": "item/pepeland/carved_pumpkin/part_2/crane/crane"
	},
	"elements": [
		{
			"from": [7.5, 4.5, 25.4],
			"to": [7.8, 12.5, 25.7],
			"rotation": {"angle": 0, "axis": "y", "origin": [0, -4, 0]},
			"faces": {
				"north": {"uv": [2.5, 3.75, 2.625, 4.75], "texture": "#0"},
				"east": {"uv": [2.5, 3.75, 2.625, 4.75], "texture": "#0"},
				"south": {"uv": [2.5, 3.75, 2.625, 4.75], "texture": "#0"},
				"west": {"uv": [2.5, 3.75, 2.625, 4.75], "texture": "#0"},
				"up": {"uv": [0.75, 0.375, 0.625, 0.25], "texture": "#0"},
				"down": {"uv": [0.75, 0.375, 0.625, 0.5], "texture": "#0"}
			}
		},
		{
			"from": [8.5, 4.5, 25.4],
			"to": [8.8, 12.5, 25.7],
			"rotation": {"angle": 0, "axis": "y", "origin": [0, -4, 0]},
			"faces": {
				"north": {"uv": [2.5, 3.75, 2.625, 4.75], "texture": "#0"},
				"east": {"uv": [2.5, 3.75, 2.625, 4.75], "texture": "#0"},
				"south": {"uv": [2.5, 3.75, 2.625, 4.75], "texture": "#0"},
				"west": {"uv": [2.5, 3.75, 2.625, 4.75], "texture": "#0"},
				"up": {"uv": [0.75, 0.125, 0.625, 0], "texture": "#0"},
				"down": {"uv": [0.75, 0.125, 0.625, 0.25], "texture": "#0"}
			}
		},
		{
			"from": [8.2, 0, 24.35],
			"to": [8.2, 3, 26.35],
			"rotation": {"angle": 0, "axis": "y", "origin": [0, -4, 0]},
			"faces": {
				"north": {"uv": [0, 0, 0, 0.375], "texture": "#0"},
				"east": {"uv": [0, 3.875, 0.625, 4.75], "texture": "#0"},
				"south": {"uv": [0, 0, 0, 0.375], "texture": "#0"},
				"west": {"uv": [0.625, 3.875, 0, 4.75], "texture": "#0"},
				"up": {"uv": [0, 0.25, 0, 0], "texture": "#0"},
				"down": {"uv": [0, 0, 0, 0.25], "texture": "#0"}
			}
		},
		{
			"from": [7.7, 3, 24.6],
			"to": [8.7, 5, 26.6],
			"rotation": {"angle": 0, "axis": "y", "origin": [0, -4, 0]},
			"faces": {
				"north": {"uv": [0.75, 0, 0.875, 0.25], "texture": "#0"},
				"east": {"uv": [0.625, 0.75, 0.875, 1], "texture": "#0"},
				"south": {"uv": [0.75, 0.25, 0.875, 0.5], "texture": "#0"},
				"west": {"uv": [0, 1.125, 0.25, 1.375], "texture": "#0"},
				"up": {"uv": [0.375, 1.375, 0.25, 1.125], "texture": "#0"},
				"down": {"uv": [0.5, 1.125, 0.375, 1.375], "texture": "#0"}
			}
		},
		{
			"from": [5.95, 12, 24.6],
			"to": [9.95, 13, 26.6],
			"rotation": {"angle": 0, "axis": "y", "origin": [0, -4, 0]},
			"faces": {
				"north": {"uv": [0.75, 0, 0.875, 0.25], "texture": "#0"},
				"east": {"uv": [0.625, 0.75, 0.875, 1], "texture": "#0"},
				"south": {"uv": [0.75, 0.25, 0.875, 0.5], "texture": "#0"},
				"west": {"uv": [0, 1.125, 0.25, 1.375], "texture": "#0"},
				"up": {"uv": [0.375, 1.375, 0.25, 1.125], "texture": "#0"},
				"down": {"uv": [0.5, 1.125, 0.375, 1.375], "texture": "#0"}
			}
		},
		{
			"from": [6.5, 10, -4.5],
			"to": [9.5, 15, 0.5],
			"rotation": {"angle": 0, "axis": "y", "origin": [0, -4, 0]},
			"faces": {
				"north": {"uv": [0, 2.625, 0.5, 3.25], "texture": "#0"},
				"east": {"uv": [2.25, 3.125, 2.875, 3.75], "texture": "#0"},
				"south": {"uv": [0.625, 3.25, 1.125, 3.875], "texture": "#0"},
				"west": {"uv": [0, 3.25, 0.625, 3.875], "texture": "#0"},
				"up": {"uv": [1.625, 3.875, 1.125, 3.25], "texture": "#0"},
				"down": {"uv": [4.125, 1.25, 3.625, 1.875], "texture": "#0"}
			}
		},
		{
			"from": [9.5, 12.75, 9.5],
			"to": [10.5, 19.75, 10.5],
			"rotation": {"angle": 22.5, "axis": "z", "origin": [11.5, 17.5, 3.5]},
			"faces": {
				"north": {"uv": [0, 1.5, 0.125, 2.625], "texture": "#0"},
				"east": {"uv": [0.125, 1.5, 0.25, 2.625], "texture": "#0"},
				"south": {"uv": [0.25, 1.5, 0.375, 2.625], "texture": "#0"},
				"west": {"uv": [0.375, 1.5, 0.5, 2.625], "texture": "#0"},
				"up": {"uv": [0.625, 1.625, 0.5, 1.5], "texture": "#0"},
				"down": {"uv": [0.75, 1.5, 0.625, 1.625], "texture": "#0"}
			}
		},
		{
			"from": [6, 10, 5.5],
			"to": [7, 17, 6.5],
			"rotation": {"angle": -22.5, "axis": "z", "origin": [11.5, 17.5, 5.5]},
			"faces": {
				"north": {"uv": [0.25, 1.5, 0.375, 2.625], "texture": "#0"},
				"east": {"uv": [0.375, 1.5, 0.5, 2.625], "texture": "#0"},
				"south": {"uv": [0, 1.5, 0.125, 2.625], "texture": "#0"},
				"west": {"uv": [0.125, 1.5, 0.25, 2.625], "texture": "#0"},
				"up": {"uv": [0.625, 1.625, 0.5, 1.5], "rotation": 180, "texture": "#0"},
				"down": {"uv": [0.75, 1.5, 0.625, 1.625], "rotation": 180, "texture": "#0"}
			}
		},
		{
			"from": [6, 10, 9.5],
			"to": [7, 17, 10.5],
			"rotation": {"angle": -22.5, "axis": "z", "origin": [11.5, 17.5, 3.5]},
			"faces": {
				"north": {"uv": [0.25, 1.5, 0.375, 2.625], "texture": "#0"},
				"east": {"uv": [0.375, 1.5, 0.5, 2.625], "texture": "#0"},
				"south": {"uv": [0, 1.5, 0.125, 2.625], "texture": "#0"},
				"west": {"uv": [0.125, 1.5, 0.25, 2.625], "texture": "#0"},
				"up": {"uv": [0.625, 1.625, 0.5, 1.5], "rotation": 180, "texture": "#0"},
				"down": {"uv": [0.75, 1.5, 0.625, 1.625], "rotation": 180, "texture": "#0"}
			}
		},
		{
			"from": [5.5, 18.5, 5.4],
			"to": [10.5, 19.5, 10.6],
			"rotation": {"angle": 0, "axis": "y", "origin": [0, -4, 0]},
			"faces": {
				"north": {"uv": [0, 0.25, 0.625, 0.375], "texture": "#0"},
				"east": {"uv": [0, 0.375, 0.625, 0.5], "texture": "#0"},
				"south": {"uv": [0, 0.75, 0.625, 0.875], "texture": "#0"},
				"west": {"uv": [0, 0.875, 0.625, 1], "texture": "#0"},
				"up": {"uv": [4.25, 2.5, 3.625, 1.875], "texture": "#0"},
				"down": {"uv": [4.25, 2.5, 3.625, 3.125], "texture": "#0"}
			}
		},
		{
			"from": [9.5, 13, -7.25],
			"to": [10.5, 14, 27.75],
			"faces": {
				"north": {"uv": [0, 0, 0.125, 0.125], "texture": "#0"},
				"east": {"uv": [3, 1, 7.375, 1.125], "texture": "#0"},
				"south": {"uv": [0, 0.125, 0.125, 0.25], "texture": "#0"},
				"west": {"uv": [3, 1.125, 7.375, 1.25], "texture": "#0"},
				"up": {"uv": [1.75, 6.625, 1.625, 2.25], "texture": "#0"},
				"down": {"uv": [1.875, 2.25, 1.75, 6.625], "texture": "#0"}
			}
		},
		{
			"from": [9.5, 12.75, 5.5],
			"to": [10.5, 19.75, 6.5],
			"rotation": {"angle": 22.5, "axis": "z", "origin": [11.5, 17.5, 5.5]},
			"faces": {
				"north": {"uv": [0, 1.5, 0.125, 2.625], "texture": "#0"},
				"east": {"uv": [0.125, 1.5, 0.25, 2.625], "texture": "#0"},
				"south": {"uv": [0.25, 1.5, 0.375, 2.625], "texture": "#0"},
				"west": {"uv": [0.375, 1.5, 0.5, 2.625], "texture": "#0"},
				"up": {"uv": [0.625, 1.625, 0.5, 1.5], "texture": "#0"},
				"down": {"uv": [0.75, 1.5, 0.625, 1.625], "texture": "#0"}
			}
		},
		{
			"from": [9.2, 12.7, -7.25],
			"to": [9.2, 17.4, 27.75],
			"rotation": {"angle": 22.5, "axis": "z", "origin": [6.5, 15.9, 10.25]},
			"faces": {
				"north": {"uv": [0, 0, 0, 0.625], "texture": "#0"},
				"east": {"uv": [8.25, 3.75, 3.875, 4.375], "texture": "#0"},
				"south": {"uv": [0, 0, 0, 0.625], "texture": "#0"},
				"west": {"uv": [3.875, 3.75, 8.25, 4.375], "texture": "#0"},
				"up": {"uv": [0, 4.375, 0, 0], "texture": "#0"},
				"down": {"uv": [0, 0, 0, 4.375], "texture": "#0"}
			}
		},
		{
			"from": [5.5, 13, -7.25],
			"to": [6.5, 14, 27.75],
			"faces": {
				"north": {"uv": [0, 0, 0.125, 0.125], "texture": "#0"},
				"east": {"uv": [3, 1, 7.375, 1.125], "texture": "#0"},
				"south": {"uv": [0, 0.125, 0.125, 0.25], "texture": "#0"},
				"west": {"uv": [3, 1.125, 7.375, 1.25], "texture": "#0"},
				"up": {"uv": [1.75, 6.625, 1.625, 2.25], "texture": "#0"},
				"down": {"uv": [1.875, 2.25, 1.75, 6.625], "texture": "#0"}
			}
		},
		{
			"from": [7.5, 17.5, -7.25],
			"to": [8.5, 18.5, 25.45],
			"faces": {
				"north": {"uv": [0, 0, 0.125, 0.125], "texture": "#0"},
				"east": {"uv": [3, 1, 7.375, 1.125], "texture": "#0"},
				"south": {"uv": [0, 0.125, 0.125, 0.25], "texture": "#0"},
				"west": {"uv": [3, 1.125, 7.375, 1.25], "texture": "#0"},
				"up": {"uv": [1.75, 6.625, 1.625, 2.25], "texture": "#0"},
				"down": {"uv": [1.875, 2.25, 1.75, 6.625], "texture": "#0"}
			}
		},
		{
			"from": [6.6, 13.7, -7.25],
			"to": [6.6, 18.4, 27.75],
			"rotation": {"angle": -22.5, "axis": "z", "origin": [6.5, 15.9, 10.25]},
			"faces": {
				"north": {"uv": [0, 0, 0, 0.625], "texture": "#0"},
				"east": {"uv": [8.25, 3.75, 3.875, 4.375], "texture": "#0"},
				"south": {"uv": [0, 0, 0, 0.625], "texture": "#0"},
				"west": {"uv": [3.875, 3.75, 8.25, 4.375], "texture": "#0"},
				"up": {"uv": [0, 4.375, 0, 0], "texture": "#0"},
				"down": {"uv": [0, 0, 0, 4.375], "texture": "#0"}
			}
		},
		{
			"from": [6.5, 13, 26.75],
			"to": [9.5, 14, 27.75],
			"faces": {
				"north": {"uv": [0, 0, 0.125, 0.125], "texture": "#0"},
				"east": {"uv": [3, 1, 7.375, 1.125], "texture": "#0"},
				"south": {"uv": [0, 0.125, 0.125, 0.25], "texture": "#0"},
				"west": {"uv": [3, 1.125, 7.375, 1.25], "texture": "#0"},
				"up": {"uv": [1.75, 6.625, 1.625, 6.5], "texture": "#0"},
				"down": {"uv": [1.875, 6.5, 1.75, 6.625], "texture": "#0"}
			}
		},
		{
			"from": [7.5, 13, 26],
			"to": [8.5, 18, 26],
			"rotation": {"angle": -22.5, "axis": "x", "origin": [8, 16.5, 25]},
			"faces": {
				"north": {"uv": [0.5, 1.625, 0.625, 2.25], "texture": "#0"},
				"east": {"uv": [0, 0, 0, 0.625], "texture": "#0"},
				"south": {"uv": [0.625, 1.625, 0.75, 2.25], "texture": "#0"},
				"west": {"uv": [0, 0, 0, 0.625], "texture": "#0"},
				"up": {"uv": [0.125, 0, 0, 0], "texture": "#0"},
				"down": {"uv": [0.125, 0, 0, 0], "texture": "#0"}
			}
		},
		{
			"from": [9, 19, 9.25],
			"to": [10, 24, 10.25],
			"rotation": {"angle": 0, "axis": "y", "origin": [0, -4, 0]},
			"faces": {
				"north": {"uv": [0, 1.5, 0.125, 2.625], "texture": "#0"},
				"east": {"uv": [0.125, 1.5, 0.25, 2.625], "texture": "#0"},
				"south": {"uv": [0.25, 1.5, 0.375, 2.625], "texture": "#0"},
				"west": {"uv": [0.375, 1.5, 0.5, 2.625], "texture": "#0"},
				"up": {"uv": [0.625, 1.625, 0.5, 1.5], "texture": "#0"},
				"down": {"uv": [0.75, 1.5, 0.625, 1.625], "texture": "#0"}
			}
		},
		{
			"from": [9, 19, 5.75],
			"to": [10, 24, 6.75],
			"rotation": {"angle": 0, "axis": "y", "origin": [0, -4, 0]},
			"faces": {
				"north": {"uv": [0, 1.5, 0.125, 2.625], "texture": "#0"},
				"east": {"uv": [0.125, 1.5, 0.25, 2.625], "texture": "#0"},
				"south": {"uv": [0.25, 1.5, 0.375, 2.625], "texture": "#0"},
				"west": {"uv": [0.375, 1.5, 0.5, 2.625], "texture": "#0"},
				"up": {"uv": [0.625, 1.625, 0.5, 1.5], "texture": "#0"},
				"down": {"uv": [0.75, 1.5, 0.625, 1.625], "texture": "#0"}
			}
		},
		{
			"from": [6, 19, 5.75],
			"to": [7, 24, 6.75],
			"rotation": {"angle": 0, "axis": "y", "origin": [0, -4, 0]},
			"faces": {
				"north": {"uv": [0, 1.5, 0.125, 2.625], "texture": "#0"},
				"east": {"uv": [0.125, 1.5, 0.25, 2.625], "texture": "#0"},
				"south": {"uv": [0.25, 1.5, 0.375, 2.625], "texture": "#0"},
				"west": {"uv": [0.375, 1.5, 0.5, 2.625], "texture": "#0"},
				"up": {"uv": [0.625, 1.625, 0.5, 1.5], "texture": "#0"},
				"down": {"uv": [0.75, 1.5, 0.625, 1.625], "texture": "#0"}
			}
		},
		{
			"from": [6, 19, 9.25],
			"to": [7, 24, 10.25],
			"rotation": {"angle": 0, "axis": "y", "origin": [0, -4, 0]},
			"faces": {
				"north": {"uv": [0, 1.5, 0.125, 2.625], "texture": "#0"},
				"east": {"uv": [0.125, 1.5, 0.25, 2.625], "texture": "#0"},
				"south": {"uv": [0.25, 1.5, 0.375, 2.625], "texture": "#0"},
				"west": {"uv": [0.375, 1.5, 0.5, 2.625], "texture": "#0"},
				"up": {"uv": [0.625, 1.625, 0.5, 1.5], "texture": "#0"},
				"down": {"uv": [0.75, 1.5, 0.625, 1.625], "texture": "#0"}
			}
		},
		{
			"from": [5.5, 23.5, 5.4],
			"to": [10.5, 24.5, 10.6],
			"rotation": {"angle": 0, "axis": "y", "origin": [0, -4, 0]},
			"faces": {
				"north": {"uv": [0, 0.25, 0.625, 0.375], "texture": "#0"},
				"east": {"uv": [0, 0.375, 0.625, 0.5], "texture": "#0"},
				"south": {"uv": [0, 0.75, 0.625, 0.875], "texture": "#0"},
				"west": {"uv": [0, 0.875, 0.625, 1], "texture": "#0"},
				"up": {"uv": [4.25, 2.5, 3.625, 1.875], "texture": "#0"},
				"down": {"uv": [4.25, 2.5, 3.625, 3.125], "texture": "#0"}
			}
		},
		{
			"from": [7.75, 25.5, 9.6],
			"to": [8.25, 26, 25.3],
			"rotation": {"angle": 22.5, "axis": "x", "origin": [8, 23, 6.1]},
			"faces": {
				"north": {"uv": [0, 0, 0.125, 0.125], "texture": "#0"},
				"east": {"uv": [3, 1, 7.375, 1.125], "texture": "#0"},
				"south": {"uv": [0, 0.125, 0.125, 0.25], "texture": "#0"},
				"west": {"uv": [3, 1.125, 7.375, 1.25], "texture": "#0"},
				"up": {"uv": [1.75, 6.625, 1.625, 2.25], "texture": "#0"},
				"down": {"uv": [1.875, 2.25, 1.75, 6.625], "texture": "#0"}
			}
		},
		{
			"from": [9.91, 21.15, 6.35],
			"to": [9.91, 21.85, 10.35],
			"rotation": {"angle": 22.5, "axis": "x", "origin": [9.9, 22, 7.95]},
			"faces": {
				"north": {"uv": [0, 0, 0, 0.125], "texture": "#0"},
				"east": {"uv": [0, 1, 0.75, 1.125], "texture": "#0"},
				"south": {"uv": [0, 0, 0, 0.125], "texture": "#0"},
				"west": {"uv": [0.75, 1, 1.5, 1.125], "texture": "#0"},
				"up": {"uv": [0, 0.75, 0, 0], "texture": "#0"},
				"down": {"uv": [0, 0, 0, 0.75], "texture": "#0"}
			}
		},
		{
			"from": [6.7, 22.35, 6.15],
			"to": [9.2, 23.05, 6.15],
			"rotation": {"angle": 0, "axis": "y", "origin": [8.45, 20.25, 6.15]},
			"faces": {
				"north": {"uv": [0.8125, 1, 1.4375, 1.125], "texture": "#0"},
				"east": {"uv": [0, 0, 0, 0.125], "texture": "#0"},
				"south": {"uv": [0.0625, 1, 0.6875, 1.125], "texture": "#0"},
				"west": {"uv": [0, 0, 0, 0.125], "texture": "#0"},
				"up": {"uv": [0, 0.75, 0, 0], "rotation": 90, "texture": "#0"},
				"down": {"uv": [0, 0, 0, 0.75], "rotation": 270, "texture": "#0"}
			}
		},
		{
			"from": [6.55, 21.05, 6.15],
			"to": [9.55, 21.75, 6.15],
			"rotation": {"angle": -22.5, "axis": "z", "origin": [8.25, 21.9, 6.15]},
			"faces": {
				"north": {"uv": [0.8125, 1, 1.4375, 1.125], "texture": "#0"},
				"east": {"uv": [0, 0, 0, 0.125], "texture": "#0"},
				"south": {"uv": [0.0625, 1, 0.6875, 1.125], "texture": "#0"},
				"west": {"uv": [0, 0, 0, 0.125], "texture": "#0"},
				"up": {"uv": [0, 0.75, 0, 0], "rotation": 90, "texture": "#0"},
				"down": {"uv": [0, 0, 0, 0.75], "rotation": 270, "texture": "#0"}
			}
		},
		{
			"from": [6.35, 21.5, 6.16],
			"to": [9.35, 22.2, 6.16],
			"rotation": {"angle": 22.5, "axis": "z", "origin": [8.75, 22.35, 6.15]},
			"faces": {
				"north": {"uv": [0.75, 1, 1.5, 1.125], "texture": "#0"},
				"east": {"uv": [0, 0, 0, 0.125], "texture": "#0"},
				"south": {"uv": [0, 1, 0.75, 1.125], "texture": "#0"},
				"west": {"uv": [0, 0, 0, 0.125], "texture": "#0"},
				"up": {"uv": [0, 0.75, 0, 0], "rotation": 90, "texture": "#0"},
				"down": {"uv": [0, 0, 0, 0.75], "rotation": 270, "texture": "#0"}
			}
		},
		{
			"from": [6.7, 19.75, 6.15],
			"to": [9.2, 20.45, 6.15],
			"rotation": {"angle": 0, "axis": "y", "origin": [8.45, 20.25, 6.15]},
			"faces": {
				"north": {"uv": [0.8125, 1, 1.4375, 1.125], "texture": "#0"},
				"east": {"uv": [0, 0, 0, 0.125], "texture": "#0"},
				"south": {"uv": [0.0625, 1, 0.6875, 1.125], "texture": "#0"},
				"west": {"uv": [0, 0, 0, 0.125], "texture": "#0"},
				"up": {"uv": [0, 0.75, 0, 0], "rotation": 90, "texture": "#0"},
				"down": {"uv": [0, 0, 0, 0.75], "rotation": 270, "texture": "#0"}
			}
		},
		{
			"from": [6.7, 19.75, 9.95],
			"to": [9.2, 20.45, 9.95],
			"rotation": {"angle": 0, "axis": "y", "origin": [8.45, 20.25, 6.15]},
			"faces": {
				"north": {"uv": [0.8125, 1, 1.4375, 1.125], "texture": "#0"},
				"east": {"uv": [0, 0, 0, 0.125], "texture": "#0"},
				"south": {"uv": [0.0625, 1, 0.6875, 1.125], "texture": "#0"},
				"west": {"uv": [0, 0, 0, 0.125], "texture": "#0"},
				"up": {"uv": [0, 0.75, 0, 0], "rotation": 90, "texture": "#0"},
				"down": {"uv": [0, 0, 0, 0.75], "rotation": 270, "texture": "#0"}
			}
		},
		{
			"from": [6.7, 22.35, 9.95],
			"to": [9.2, 23.05, 9.95],
			"rotation": {"angle": 0, "axis": "y", "origin": [8.45, 20.25, 9.95]},
			"faces": {
				"north": {"uv": [0.75, 1, 1.375, 1.125], "texture": "#0"},
				"east": {"uv": [0, 0, 0, 0.125], "texture": "#0"},
				"south": {"uv": [0, 1, 0.625, 1.125], "texture": "#0"},
				"west": {"uv": [0, 0, 0, 0.125], "texture": "#0"},
				"up": {"uv": [0, 0.75, 0, 0], "rotation": 90, "texture": "#0"},
				"down": {"uv": [0, 0, 0, 0.75], "rotation": 270, "texture": "#0"}
			}
		},
		{
			"from": [6.55, 21.05, 9.95],
			"to": [9.55, 21.75, 9.95],
			"rotation": {"angle": -22.5, "axis": "z", "origin": [8.25, 21.9, 9.95]},
			"faces": {
				"north": {"uv": [0.8125, 1, 1.4375, 1.125], "texture": "#0"},
				"east": {"uv": [0, 0, 0, 0.125], "texture": "#0"},
				"south": {"uv": [0.0625, 1, 0.6875, 1.125], "texture": "#0"},
				"west": {"uv": [0, 0, 0, 0.125], "texture": "#0"},
				"up": {"uv": [0, 0.75, 0, 0], "rotation": 90, "texture": "#0"},
				"down": {"uv": [0, 0, 0, 0.75], "rotation": 270, "texture": "#0"}
			}
		},
		{
			"from": [6.35, 21.5, 9.96],
			"to": [9.35, 22.2, 9.96],
			"rotation": {"angle": 22.5, "axis": "z", "origin": [8.75, 22.35, 9.95]},
			"faces": {
				"north": {"uv": [0.8125, 1, 1.4375, 1.125], "texture": "#0"},
				"east": {"uv": [0, 0, 0, 0.125], "texture": "#0"},
				"south": {"uv": [0.0625, 1, 0.6875, 1.125], "texture": "#0"},
				"west": {"uv": [0, 0, 0, 0.125], "texture": "#0"},
				"up": {"uv": [0, 0.75, 0, 0], "rotation": 90, "texture": "#0"},
				"down": {"uv": [0, 0, 0, 0.75], "rotation": 270, "texture": "#0"}
			}
		},
		{
			"from": [9.9, 21.15, 5.65],
			"to": [9.9, 21.85, 9.65],
			"rotation": {"angle": -22.5, "axis": "x", "origin": [9.9, 22, 7.95]},
			"faces": {
				"north": {"uv": [0, 0, 0, 0.125], "texture": "#0"},
				"east": {"uv": [0, 1, 0.75, 1.125], "texture": "#0"},
				"south": {"uv": [0, 0, 0, 0.125], "texture": "#0"},
				"west": {"uv": [0.75, 1, 1.5, 1.125], "texture": "#0"},
				"up": {"uv": [0, 0.75, 0, 0], "texture": "#0"},
				"down": {"uv": [0, 0, 0, 0.75], "texture": "#0"}
			}
		},
		{
			"from": [9.9, 22.35, 5.75],
			"to": [9.9, 23.05, 9.75],
			"rotation": {"angle": 0, "axis": "y", "origin": [9.9, 20.25, 8]},
			"faces": {
				"north": {"uv": [0, 0, 0, 0.125], "texture": "#0"},
				"east": {"uv": [0, 1, 0.75, 1.125], "texture": "#0"},
				"south": {"uv": [0, 0, 0, 0.125], "texture": "#0"},
				"west": {"uv": [0.75, 1, 1.5, 1.125], "texture": "#0"},
				"up": {"uv": [0, 0.75, 0, 0], "texture": "#0"},
				"down": {"uv": [0, 0, 0, 0.75], "texture": "#0"}
			}
		},
		{
			"from": [6.1, 19.75, 5.75],
			"to": [6.1, 20.45, 9.75],
			"rotation": {"angle": 0, "axis": "y", "origin": [6.1, 20.25, 8]},
			"faces": {
				"north": {"uv": [0, 0, 0, 0.125], "texture": "#0"},
				"east": {"uv": [0, 1, 0.75, 1.125], "texture": "#0"},
				"south": {"uv": [0, 0, 0, 0.125], "texture": "#0"},
				"west": {"uv": [0.75, 1, 1.5, 1.125], "texture": "#0"},
				"up": {"uv": [0, 0.75, 0, 0], "texture": "#0"},
				"down": {"uv": [0, 0, 0, 0.75], "texture": "#0"}
			}
		},
		{
			"from": [6.11, 21.15, 6.35],
			"to": [6.11, 21.85, 10.35],
			"rotation": {"angle": 22.5, "axis": "x", "origin": [6.1, 22, 7.95]},
			"faces": {
				"north": {"uv": [0, 0, 0, 0.125], "texture": "#0"},
				"east": {"uv": [0, 1, 0.75, 1.125], "texture": "#0"},
				"south": {"uv": [0, 0, 0, 0.125], "texture": "#0"},
				"west": {"uv": [0.75, 1, 1.5, 1.125], "texture": "#0"},
				"up": {"uv": [0, 0.75, 0, 0], "texture": "#0"},
				"down": {"uv": [0, 0, 0, 0.75], "texture": "#0"}
			}
		},
		{
			"from": [6.1, 21.15, 5.65],
			"to": [6.1, 21.85, 9.65],
			"rotation": {"angle": -22.5, "axis": "x", "origin": [6.1, 22, 7.95]},
			"faces": {
				"north": {"uv": [0, 0, 0, 0.125], "texture": "#0"},
				"east": {"uv": [0, 1, 0.75, 1.125], "texture": "#0"},
				"south": {"uv": [0, 0, 0, 0.125], "texture": "#0"},
				"west": {"uv": [0.75, 1, 1.5, 1.125], "texture": "#0"},
				"up": {"uv": [0, 0.75, 0, 0], "texture": "#0"},
				"down": {"uv": [0, 0, 0, 0.75], "texture": "#0"}
			}
		},
		{
			"from": [6.1, 22.35, 5.75],
			"to": [6.1, 23.05, 9.75],
			"rotation": {"angle": 0, "axis": "y", "origin": [6.1, 20.25, 8]},
			"faces": {
				"north": {"uv": [0, 0, 0, 0.125], "texture": "#0"},
				"east": {"uv": [0, 1, 0.75, 1.125], "texture": "#0"},
				"south": {"uv": [0, 0, 0, 0.125], "texture": "#0"},
				"west": {"uv": [0.75, 1, 1.5, 1.125], "texture": "#0"},
				"up": {"uv": [0, 0.75, 0, 0], "texture": "#0"},
				"down": {"uv": [0, 0, 0, 0.75], "texture": "#0"}
			}
		},
		{
			"from": [9.9, 19.75, 5.75],
			"to": [9.9, 20.45, 9.75],
			"rotation": {"angle": 0, "axis": "y", "origin": [6.1, 20.25, 8]},
			"faces": {
				"north": {"uv": [0, 0, 0, 0.125], "texture": "#0"},
				"east": {"uv": [0, 1, 0.75, 1.125], "texture": "#0"},
				"south": {"uv": [0, 0, 0, 0.125], "texture": "#0"},
				"west": {"uv": [0.75, 1, 1.5, 1.125], "texture": "#0"},
				"up": {"uv": [0, 0.75, 0, 0], "texture": "#0"},
				"down": {"uv": [0, 0, 0, 0.75], "texture": "#0"}
			}
		},
		{
			"from": [5.55, 13.3, -7.25],
			"to": [10.25, 13.3, 27.75],
			"rotation": {"angle": 0, "axis": "y", "origin": [6.5, 16, 10.25]},
			"faces": {
				"north": {"uv": [0, 0, 0, 0.625], "rotation": 270, "texture": "#0"},
				"east": {"uv": [0, 4.375, 0, 0], "rotation": 90, "texture": "#0"},
				"south": {"uv": [0, 0, 0, 0.625], "rotation": 90, "texture": "#0"},
				"west": {"uv": [0, 0, 0, 4.375], "rotation": 90, "texture": "#0"},
				"up": {"uv": [3.875, 3.75, 8.25, 4.375], "rotation": 90, "texture": "#0"},
				"down": {"uv": [3.875, 3.75, 8.25, 4.375], "rotation": 90, "texture": "#0"}
			}
		},
		{
			"from": [4, 0, 11],
			"to": [5, 5, 12],
			"rotation": {"angle": 0, "axis": "y", "origin": [0, -4, 0]},
			"faces": {
				"north": {"uv": [0, 1.5, 0.125, 2.125], "texture": "#0"},
				"east": {"uv": [0.125, 1.5, 0.25, 2.125], "texture": "#0"},
				"south": {"uv": [0.25, 1.5, 0.375, 2.125], "texture": "#0"},
				"west": {"uv": [0.375, 1.5, 0.5, 2.125], "texture": "#0"},
				"up": {"uv": [0.625, 1.625, 0.5, 1.5], "texture": "#0"},
				"down": {"uv": [0.75, 1.5, 0.625, 1.625], "texture": "#0"}
			}
		},
		{
			"from": [4.25, 0.4, 11.895],
			"to": [11.5, 1.4, 11.895],
			"rotation": {"angle": 0, "axis": "y", "origin": [6.5, 4.9, 11.8]},
			"faces": {
				"north": {"uv": [0, 0.5, 0.875, 0.625], "texture": "#0"},
				"east": {"uv": [0, 0, 0, 0.125], "texture": "#0"},
				"south": {"uv": [0, 0.625, 0.875, 0.75], "texture": "#0"},
				"west": {"uv": [0, 0, 0, 0.125], "texture": "#0"},
				"up": {"uv": [0.875, 0, 0, 0], "texture": "#0"},
				"down": {"uv": [0.875, 0, 0, 0], "texture": "#0"}
			}
		},
		{
			"from": [3.5, 1.9, 11.9],
			"to": [10.75, 2.9, 11.9],
			"rotation": {"angle": 22.5, "axis": "z", "origin": [6.5, 4.9, 11.8]},
			"faces": {
				"north": {"uv": [0.875, 0.25, 1.75, 0.375], "texture": "#0"},
				"east": {"uv": [0, 0, 0, 0.125], "texture": "#0"},
				"south": {"uv": [0.875, 0.375, 1.75, 0.5], "texture": "#0"},
				"west": {"uv": [0, 0, 0, 0.125], "texture": "#0"},
				"up": {"uv": [0.875, 0, 0, 0], "texture": "#0"},
				"down": {"uv": [0.875, 0, 0, 0], "texture": "#0"}
			}
		},
		{
			"from": [5, 3.15, 11.89],
			"to": [12.25, 4.15, 11.89],
			"rotation": {"angle": -22.5, "axis": "z", "origin": [6.5, 4.9, 11.8]},
			"faces": {
				"north": {"uv": [0.875, 0, 1.75, 0.125], "texture": "#0"},
				"east": {"uv": [0, 0, 0, 0.125], "texture": "#0"},
				"south": {"uv": [0.875, 0.125, 1.75, 0.25], "texture": "#0"},
				"west": {"uv": [0, 0, 0, 0.125], "texture": "#0"},
				"up": {"uv": [0.875, 0, 0, 0], "texture": "#0"},
				"down": {"uv": [0.875, 0, 0, 0], "texture": "#0"}
			}
		},
		{
			"from": [11.89, 2.25, 5],
			"to": [11.89, 3.25, 12.9],
			"rotation": {"angle": -22.5, "axis": "x", "origin": [11.9, 0.75, 8]},
			"faces": {
				"north": {"uv": [0, 0, 0, 0.125], "texture": "#0"},
				"east": {"uv": [0.875, 0.75, 1.875, 0.875], "texture": "#0"},
				"south": {"uv": [0, 0, 0, 0.125], "texture": "#0"},
				"west": {"uv": [0.875, 0.875, 1.875, 1], "texture": "#0"},
				"up": {"uv": [0, 1, 0, 0], "texture": "#0"},
				"down": {"uv": [0, 0, 0, 1], "texture": "#0"}
			}
		},
		{
			"from": [11.899, 2.25, 3],
			"to": [11.899, 3.25, 10.9],
			"rotation": {"angle": 22.5, "axis": "x", "origin": [11.9, 0.75, 8]},
			"faces": {
				"north": {"uv": [0, 0, 0, 0.125], "texture": "#0"},
				"east": {"uv": [0.875, 0.5, 1.875, 0.625], "texture": "#0"},
				"south": {"uv": [0, 0, 0, 0.125], "texture": "#0"},
				"west": {"uv": [0.875, 0.625, 1.875, 0.75], "texture": "#0"},
				"up": {"uv": [0, 1, 0, 0], "texture": "#0"},
				"down": {"uv": [0, 0, 0, 1], "texture": "#0"}
			}
		},
		{
			"from": [11, 0, 11],
			"to": [12, 5, 12],
			"rotation": {"angle": 0, "axis": "y", "origin": [0, -4, 0]},
			"faces": {
				"north": {"uv": [0, 1.5, 0.125, 2.125], "texture": "#0"},
				"east": {"uv": [0.125, 1.5, 0.25, 2.125], "texture": "#0"},
				"south": {"uv": [0.25, 1.5, 0.375, 2.125], "texture": "#0"},
				"west": {"uv": [0.375, 1.5, 0.5, 2.125], "texture": "#0"},
				"up": {"uv": [0.625, 1.625, 0.5, 1.5], "texture": "#0"},
				"down": {"uv": [0.75, 1.5, 0.625, 1.625], "texture": "#0"}
			}
		},
		{
			"from": [11, 0, 4],
			"to": [12, 5, 5],
			"rotation": {"angle": 0, "axis": "y", "origin": [0, -4, 0]},
			"faces": {
				"north": {"uv": [0, 1.5, 0.125, 2.125], "texture": "#0"},
				"east": {"uv": [0.125, 1.5, 0.25, 2.125], "texture": "#0"},
				"south": {"uv": [0.25, 1.5, 0.375, 2.125], "texture": "#0"},
				"west": {"uv": [0.375, 1.5, 0.5, 2.125], "texture": "#0"},
				"up": {"uv": [0.625, 1.625, 0.5, 1.5], "texture": "#0"},
				"down": {"uv": [0.75, 1.5, 0.625, 1.625], "texture": "#0"}
			}
		},
		{
			"from": [4, 0, 4],
			"to": [5, 5, 5],
			"rotation": {"angle": 0, "axis": "y", "origin": [0, -4, 0]},
			"faces": {
				"north": {"uv": [0, 1.5, 0.125, 2.125], "texture": "#0"},
				"east": {"uv": [0.125, 1.5, 0.25, 2.125], "texture": "#0"},
				"south": {"uv": [0.25, 1.5, 0.375, 2.125], "texture": "#0"},
				"west": {"uv": [0.375, 1.5, 0.5, 2.125], "texture": "#0"},
				"up": {"uv": [0.625, 1.625, 0.5, 1.5], "texture": "#0"},
				"down": {"uv": [0.75, 1.5, 0.625, 1.625], "texture": "#0"}
			}
		},
		{
			"from": [4.09, 2.25, 5],
			"to": [4.09, 3.25, 12.9],
			"rotation": {"angle": -22.5, "axis": "x", "origin": [4.1, 0.75, 8]},
			"faces": {
				"north": {"uv": [0, 0, 0, 0.125], "texture": "#0"},
				"east": {"uv": [0.875, 0.75, 1.875, 0.875], "texture": "#0"},
				"south": {"uv": [0, 0, 0, 0.125], "texture": "#0"},
				"west": {"uv": [0.875, 0.875, 1.875, 1], "texture": "#0"},
				"up": {"uv": [0, 1, 0, 0], "texture": "#0"},
				"down": {"uv": [0, 0, 0, 1], "texture": "#0"}
			}
		},
		{
			"from": [4.099, 2.25, 3],
			"to": [4.099, 3.25, 10.9],
			"rotation": {"angle": 22.5, "axis": "x", "origin": [4.1, 0.75, 8]},
			"faces": {
				"north": {"uv": [0, 0, 0, 0.125], "texture": "#0"},
				"east": {"uv": [0.875, 0.5, 1.875, 0.625], "texture": "#0"},
				"south": {"uv": [0, 0, 0, 0.125], "texture": "#0"},
				"west": {"uv": [0.875, 0.625, 1.875, 0.75], "texture": "#0"},
				"up": {"uv": [0, 1, 0, 0], "texture": "#0"},
				"down": {"uv": [0, 0, 0, 1], "texture": "#0"}
			}
		},
		{
			"from": [4.1, 0.25, 5],
			"to": [4.1, 1.25, 11],
			"rotation": {"angle": 0, "axis": "y", "origin": [0, 0.25, 0]},
			"faces": {
				"north": {"uv": [0, 0, 0, 0.125], "texture": "#0"},
				"east": {"uv": [0, 1, 0.75, 1.125], "texture": "#0"},
				"south": {"uv": [0, 0, 0, 0.125], "texture": "#0"},
				"west": {"uv": [0.75, 1, 1.5, 1.125], "texture": "#0"},
				"up": {"uv": [0, 0.75, 0, 0], "texture": "#0"},
				"down": {"uv": [0, 0, 0, 0.75], "texture": "#0"}
			}
		},
		{
			"from": [4.25, 0.4, 4.095],
			"to": [11.5, 1.4, 4.095],
			"rotation": {"angle": 0, "axis": "y", "origin": [6.5, 4.9, 4]},
			"faces": {
				"north": {"uv": [0, 0.5, 0.875, 0.625], "texture": "#0"},
				"east": {"uv": [0, 0, 0, 0.125], "texture": "#0"},
				"south": {"uv": [0, 0.625, 0.875, 0.75], "texture": "#0"},
				"west": {"uv": [0, 0, 0, 0.125], "texture": "#0"},
				"up": {"uv": [0.875, 0, 0, 0], "texture": "#0"},
				"down": {"uv": [0.875, 0, 0, 0], "texture": "#0"}
			}
		},
		{
			"from": [3.5, 1.9, 4.1],
			"to": [10.75, 2.9, 4.1],
			"rotation": {"angle": 22.5, "axis": "z", "origin": [6.5, 4.9, 4]},
			"faces": {
				"north": {"uv": [0.875, 0.25, 1.75, 0.375], "texture": "#0"},
				"east": {"uv": [0, 0, 0, 0.125], "texture": "#0"},
				"south": {"uv": [0.875, 0.375, 1.75, 0.5], "texture": "#0"},
				"west": {"uv": [0, 0, 0, 0.125], "texture": "#0"},
				"up": {"uv": [0.875, 0, 0, 0], "texture": "#0"},
				"down": {"uv": [0.875, 0, 0, 0], "texture": "#0"}
			}
		},
		{
			"from": [5, 3.15, 4.09],
			"to": [12.25, 4.15, 4.09],
			"rotation": {"angle": -22.5, "axis": "z", "origin": [6.5, 4.9, 4]},
			"faces": {
				"north": {"uv": [0.875, 0, 1.75, 0.125], "texture": "#0"},
				"east": {"uv": [0, 0, 0, 0.125], "texture": "#0"},
				"south": {"uv": [0.875, 0.125, 1.75, 0.25], "texture": "#0"},
				"west": {"uv": [0, 0, 0, 0.125], "texture": "#0"},
				"up": {"uv": [0.875, 0, 0, 0], "texture": "#0"},
				"down": {"uv": [0.875, 0, 0, 0], "texture": "#0"}
			}
		},
		{
			"from": [11.9, 0.25, 5],
			"to": [11.9, 1.25, 11],
			"rotation": {"angle": 0, "axis": "y", "origin": [7.8, 0.25, 0]},
			"faces": {
				"north": {"uv": [0, 0, 0, 0.125], "texture": "#0"},
				"east": {"uv": [0, 1, 0.75, 1.125], "texture": "#0"},
				"south": {"uv": [0, 0, 0, 0.125], "texture": "#0"},
				"west": {"uv": [0.75, 1, 1.5, 1.125], "texture": "#0"},
				"up": {"uv": [0, 0.75, 0, 0], "texture": "#0"},
				"down": {"uv": [0, 0, 0, 0.75], "texture": "#0"}
			}
		},
		{
			"from": [12.5, 5, 3.5],
			"to": [12.5, 13, 12.5],
			"faces": {
				"north": {"uv": [0, 0, 0, 1], "texture": "#0"},
				"east": {"uv": [0.75, 1.125, 1.875, 2.125], "texture": "#0"},
				"south": {"uv": [0, 0, 0, 1], "texture": "#0"},
				"west": {"uv": [1.875, 0, 3, 1], "texture": "#0"},
				"up": {"uv": [0, 1.125, 0, 0], "texture": "#0"},
				"down": {"uv": [0, 0, 0, 1.125], "texture": "#0"}
			}
		},
		{
			"from": [3.5, 5, 3.5],
			"to": [3.5, 13, 12.5],
			"faces": {
				"north": {"uv": [0, 0, 0, 1], "texture": "#0"},
				"east": {"uv": [1.875, 1, 3, 2], "texture": "#0"},
				"south": {"uv": [0, 0, 0, 1], "texture": "#0"},
				"west": {"uv": [1.875, 2, 3, 3], "texture": "#0"},
				"up": {"uv": [0, 1.125, 0, 0], "texture": "#0"},
				"down": {"uv": [0, 0, 0, 1.125], "texture": "#0"}
			}
		},
		{
			"from": [3.5, 5, 3.5],
			"to": [12.5, 13, 3.5],
			"faces": {
				"north": {"uv": [0.5, 2.25, 1.625, 3.25], "texture": "#0"},
				"east": {"uv": [0, 0, 0, 1], "texture": "#0"},
				"south": {"uv": [3, 0, 4.125, 1], "texture": "#0"},
				"west": {"uv": [0, 0, 0, 1], "texture": "#0"},
				"up": {"uv": [1.125, 0, 0, 0], "texture": "#0"},
				"down": {"uv": [1.125, 0, 0, 0], "texture": "#0"}
			}
		},
		{
			"from": [3.5, 5, 12.5],
			"to": [12.5, 13, 12.5],
			"faces": {
				"north": {"uv": [4.125, 0, 5.25, 1], "texture": "#0"},
				"east": {"uv": [0, 0, 0, 1], "texture": "#0"},
				"south": {"uv": [0, 4.75, 1.125, 5.75], "texture": "#0"},
				"west": {"uv": [0, 0, 0, 1], "texture": "#0"},
				"up": {"uv": [1.125, 0, 0, 0], "texture": "#0"},
				"down": {"uv": [1.125, 0, 0, 0], "texture": "#0"}
			}
		},
		{
			"from": [3.5, 5, 3.5],
			"to": [12.5, 5, 12.5],
			"rotation": {"angle": 0, "axis": "y", "origin": [8, 12.5, -9]},
			"faces": {
				"north": {"uv": [0, 0, 1.125, 0], "texture": "#0"},
				"east": {"uv": [0, 0, 1.125, 0], "texture": "#0"},
				"south": {"uv": [0, 0, 1.125, 0], "texture": "#0"},
				"west": {"uv": [0, 0, 1.125, 0], "texture": "#0"},
				"up": {"uv": [4, 5.5, 2.875, 4.375], "texture": "#0"},
				"down": {"uv": [5.125, 4.375, 4, 5.5], "texture": "#0"}
			}
		},
		{
			"from": [3.5, 12.29, 3.5],
			"to": [12.5, 12.29, 12.5],
			"rotation": {"angle": 0, "axis": "y", "origin": [8, 12.5, -9]},
			"faces": {
				"north": {"uv": [0, 0, 1.125, 0], "texture": "#0"},
				"east": {"uv": [0, 0, 1.125, 0], "texture": "#0"},
				"south": {"uv": [0, 0, 1.125, 0], "texture": "#0"},
				"west": {"uv": [0, 0, 1.125, 0], "texture": "#0"},
				"up": {"uv": [5.375, 2.375, 4.25, 1.25], "texture": "#0"},
				"down": {"uv": [5.375, 2.375, 4.25, 3.5], "texture": "#0"}
			}
		},
		{
			"from": [3.5, 12.99, 3.5],
			"to": [12.5, 12.99, 12.5],
			"rotation": {"angle": 0, "axis": "y", "origin": [8, 12.5, -9]},
			"faces": {
				"north": {"uv": [0, 0, 1.125, 0], "texture": "#0"},
				"east": {"uv": [0, 0, 1.125, 0], "texture": "#0"},
				"south": {"uv": [0, 0, 1.125, 0], "texture": "#0"},
				"west": {"uv": [0, 0, 1.125, 0], "texture": "#0"},
				"up": {"uv": [5.375, 2.375, 4.25, 1.25], "texture": "#0"},
				"down": {"uv": [5.375, 2.375, 4.25, 3.5], "texture": "#0"}
			}
		},
		{
			"from": [6, 5.1, 5.25],
			"to": [10, 9.1, 7.25],
			"rotation": {"angle": 0, "axis": "y", "origin": [0, 0, 0.25]},
			"faces": {
				"north": {"uv": [3, 2.75, 3.5, 3.25], "texture": "#0"},
				"east": {"uv": [3.125, 1.75, 3.375, 2.25], "texture": "#0"},
				"south": {"uv": [3.125, 1.25, 3.625, 1.75], "texture": "#0"},
				"west": {"uv": [3.125, 2.25, 3.375, 2.75], "texture": "#0"},
				"up": {"uv": [3.375, 3.5, 2.875, 3.25], "texture": "#0"},
				"down": {"uv": [3.875, 3.25, 3.375, 3.5], "texture": "#0"}
			}
		},
		{
			"from": [6, 5.1, 7.25],
			"to": [10, 6.6, 9.25],
			"rotation": {"angle": 0, "axis": "y", "origin": [0, 0, 0.25]},
			"faces": {
				"north": {"uv": [2.875, 3.5, 3.375, 3.75], "texture": "#0"},
				"east": {"uv": [3.375, 1.8125, 3.625, 2], "texture": "#0"},
				"south": {"uv": [3.375, 3.5625, 3.875, 3.75], "texture": "#0"},
				"west": {"uv": [1.875, 3.4375, 2.125, 3.625], "texture": "#0"},
				"up": {"uv": [2.375, 4, 1.875, 3.75], "texture": "#0"},
				"down": {"uv": [3.25, 3.75, 2.75, 4], "texture": "#0"}
			}
		},
		{
			"from": [6, 5, 11],
			"to": [7, 6, 12],
			"faces": {
				"north": {"uv": [0.5, 0, 0.625, 0.125], "texture": "#0"},
				"east": {"uv": [0.5, 0.125, 0.625, 0.25], "texture": "#0"},
				"south": {"uv": [0.5, 1.125, 0.625, 1.25], "texture": "#0"},
				"west": {"uv": [0.625, 1.125, 0.75, 1.25], "texture": "#0"},
				"up": {"uv": [0.625, 1.375, 0.5, 1.25], "texture": "#0"},
				"down": {"uv": [0.75, 1.25, 0.625, 1.375], "texture": "#0"}
			}
		},
		{
			"from": [9, 5, 11],
			"to": [10, 6, 12],
			"faces": {
				"north": {"uv": [0.125, 0, 0.25, 0.125], "texture": "#0"},
				"east": {"uv": [0.125, 0.125, 0.25, 0.25], "texture": "#0"},
				"south": {"uv": [0.25, 0, 0.375, 0.125], "texture": "#0"},
				"west": {"uv": [0.25, 0.125, 0.375, 0.25], "texture": "#0"},
				"up": {"uv": [0.5, 0.125, 0.375, 0], "texture": "#0"},
				"down": {"uv": [0.5, 0.125, 0.375, 0.25], "texture": "#0"}
			}
		},
		{
			"from": [9.25, 6.35, 10.275],
			"to": [9.75, 8.85, 10.775],
			"rotation": {"angle": -37.5, "axis": "x", "origin": [9.5, 7.35, 11.775]},
			"faces": {
				"north": {"uv": [1.75, 0, 1.875, 0.375], "texture": "#0"},
				"east": {"uv": [3, 1.25, 3.125, 1.625], "texture": "#0"},
				"south": {"uv": [3, 1.625, 3.125, 2], "texture": "#0"},
				"west": {"uv": [1.875, 3, 2, 3.375], "texture": "#0"},
				"up": {"uv": [0.125, 1.5, 0, 1.375], "texture": "#0"},
				"down": {"uv": [0.25, 1.375, 0.125, 1.5], "texture": "#0"}
			}
		},
		{
			"from": [6.25, 6, 10.25],
			"to": [6.75, 8.5, 10.75],
			"rotation": {"angle": -30, "axis": "x", "origin": [9.5, 7.5, 11.25]},
			"faces": {
				"north": {"uv": [2, 3, 2.125, 3.375], "texture": "#0"},
				"east": {"uv": [3, 2, 3.125, 2.375], "texture": "#0"},
				"south": {"uv": [2.125, 3, 2.25, 3.375], "texture": "#0"},
				"west": {"uv": [3, 2.375, 3.125, 2.75], "texture": "#0"},
				"up": {"uv": [0.375, 1.5, 0.25, 1.375], "texture": "#0"},
				"down": {"uv": [0.5, 1.375, 0.375, 1.5], "texture": "#0"}
			}
		},
		{
			"from": [6.555, 9.34, 6.655],
			"to": [9.435, 12.22, 9.535],
			"rotation": {"angle": 0, "axis": "y", "origin": [13.755, 5.74, 13.855]},
			"faces": {
				"north": {"uv": [6, 2, 8, 4], "texture": "#2"},
				"east": {"uv": [4, 2, 6, 4], "texture": "#2"},
				"south": {"uv": [2, 2, 4, 4], "texture": "#2"},
				"west": {"uv": [0, 2, 2, 4], "texture": "#2"},
				"up": {"uv": [2, 0, 4, 2], "rotation": 180, "texture": "#2"},
				"down": {"uv": [4, 0, 6, 2], "rotation": 180, "texture": "#2"}
			}
		},
		{
			"from": [6.339, 9.124, 6.439],
			"to": [9.651, 12.436, 9.751],
			"rotation": {"angle": 0, "axis": "y", "origin": [13.755, 5.74, 13.855]},
			"faces": {
				"north": {"uv": [14, 2, 16, 4], "texture": "#2"},
				"east": {"uv": [12, 2, 14, 4], "texture": "#2"},
				"south": {"uv": [10, 2, 12, 4], "texture": "#2"},
				"west": {"uv": [8, 2, 10, 4], "texture": "#2"},
				"up": {"uv": [10, 0, 12, 2], "rotation": 180, "texture": "#2"},
				"down": {"uv": [12, 0, 14, 2], "rotation": 180, "texture": "#2"}
			}
		},
		{
			"from": [6.915, 6.46, 7.375],
			"to": [9.075, 9.34, 8.815],
			"rotation": {"angle": 0, "axis": "y", "origin": [13.755, 5.74, 13.855]},
			"faces": {
				"north": {"uv": [3.5, 5, 5, 7], "texture": "#2"},
				"east": {"uv": [2.5, 5, 3.5, 7], "texture": "#2"},
				"south": {"uv": [1, 5, 2.5, 7], "texture": "#2"},
				"west": {"uv": [0, 5, 1, 7], "texture": "#2"},
				"up": {"uv": [1, 4, 2.5, 5], "rotation": 180, "texture": "#2"},
				"down": {"uv": [2.5, 4, 4, 5], "rotation": 180, "texture": "#2"}
			}
		},
		{
			"from": [6.699, 6.244, 7.159],
			"to": [9.291, 9.556, 9.031],
			"rotation": {"angle": 0, "axis": "y", "origin": [13.755, 5.74, 13.855]},
			"faces": {
				"north": {"uv": [8.5, 5, 10, 7], "texture": "#2"},
				"east": {"uv": [7.5, 5, 8.5, 7], "texture": "#2"},
				"south": {"uv": [6, 5, 7.5, 7], "texture": "#2"},
				"west": {"uv": [5, 5, 6, 7], "texture": "#2"},
				"up": {"uv": [6, 4, 7.5, 5], "rotation": 180, "texture": "#2"},
				"down": {"uv": [7.5, 4, 9, 5], "rotation": 180, "texture": "#2"}
			}
		},
		{
			"from": [6.16307, 8.77, 7.91362],
			"to": [6.88307, 9.49, 10.07362],
			"rotation": {"angle": 35, "axis": "x", "origin": [6.945, 8.89, 7.855]},
			"faces": {
				"north": {"uv": [14.5, 7.5, 15, 7], "texture": "#2"},
				"east": {"uv": [15.5, 7.5, 16, 9], "rotation": 90, "texture": "#2"},
				"south": {"uv": [15, 7.5, 15.5, 7], "rotation": 180, "texture": "#2"},
				"west": {"uv": [14, 7.5, 14.5, 9], "rotation": 270, "texture": "#2"},
				"up": {"uv": [14.5, 7.5, 15, 9], "texture": "#2"},
				"down": {"uv": [15, 7.5, 15.5, 9], "rotation": 180, "texture": "#2"}
			}
		},
		{
			"from": [6.09107, 8.698, 7.84162],
			"to": [6.95507, 9.562, 10.14562],
			"rotation": {"angle": 35, "axis": "x", "origin": [6.945, 8.89, 7.855]},
			"faces": {
				"north": {"uv": [12.5, 7.5, 13, 7], "texture": "#2"},
				"east": {"uv": [13.5, 7.5, 14, 9], "rotation": 90, "texture": "#2"},
				"south": {"uv": [13, 7.5, 13.5, 7], "rotation": 180, "texture": "#2"},
				"west": {"uv": [12, 7.5, 12.5, 9], "rotation": 270, "texture": "#2"},
				"up": {"uv": [12.5, 7.5, 13, 9], "texture": "#2"},
				"down": {"uv": [13, 7.5, 13.5, 9], "rotation": 180, "texture": "#2"}
			}
		},
		{
			"from": [9.19551, 8.68, 8.26242],
			"to": [9.91551, 9.4, 10.42242],
			"rotation": {"angle": 40, "axis": "x", "origin": [9.135, 9.16, 8.215]},
			"faces": {
				"north": {"uv": [10.5, 7.5, 11, 7], "texture": "#2"},
				"east": {"uv": [11.5, 7.5, 12, 9], "rotation": 90, "texture": "#2"},
				"south": {"uv": [11, 7.5, 11.5, 7], "rotation": 180, "texture": "#2"},
				"west": {"uv": [10, 7.5, 10.5, 9], "rotation": 270, "texture": "#2"},
				"up": {"uv": [10.5, 7.5, 11, 9], "texture": "#2"},
				"down": {"uv": [11, 7.5, 11.5, 9], "rotation": 180, "texture": "#2"}
			}
		},
		{
			"from": [9.12351, 8.608, 8.19042],
			"to": [9.98751, 9.472, 10.49442],
			"rotation": {"angle": 40, "axis": "x", "origin": [9.135, 9.16, 8.215]},
			"faces": {
				"north": {"uv": [8.5, 7.5, 9, 7], "texture": "#2"},
				"east": {"uv": [9.5, 7.5, 10, 9], "rotation": 90, "texture": "#2"},
				"south": {"uv": [9, 7.5, 9.5, 7], "rotation": 180, "texture": "#2"},
				"west": {"uv": [8, 7.5, 8.5, 9], "rotation": 270, "texture": "#2"},
				"up": {"uv": [8.5, 7.5, 9, 9], "texture": "#2"},
				"down": {"uv": [9, 7.5, 9.5, 9], "rotation": 180, "texture": "#2"}
			}
		},
		{
			"from": [6.843, 6.43317, 7.88876],
			"to": [7.563, 7.15317, 10.04876],
			"rotation": {"angle": 0, "axis": "y", "origin": [7.995, 6.36117, 8.96876]},
			"faces": {
				"north": {"uv": [1, 7, 1.5, 7.5], "texture": "#2"},
				"east": {"uv": [1, 7.5, 1.5, 9], "rotation": 90, "texture": "#2"},
				"south": {"uv": [0.5, 7, 1, 7.5], "rotation": 180, "texture": "#2"},
				"west": {"uv": [0, 7.5, 0.5, 9], "rotation": 270, "texture": "#2"},
				"up": {"uv": [0.5, 7.5, 1, 9], "texture": "#2"},
				"down": {"uv": [1.5, 7.5, 2, 9], "rotation": 180, "texture": "#2"}
			}
		},
		{
			"from": [6.771, 6.36117, 7.81676],
			"to": [7.635, 7.22517, 10.12076],
			"rotation": {"angle": 0, "axis": "y", "origin": [7.995, 6.36117, 8.96876]},
			"faces": {
				"north": {"uv": [3, 7, 3.5, 7.5], "texture": "#2"},
				"east": {"uv": [3, 7.5, 3.5, 9], "rotation": 90, "texture": "#2"},
				"south": {"uv": [2.5, 7, 3, 7.5], "rotation": 180, "texture": "#2"},
				"west": {"uv": [2, 7.5, 2.5, 9], "rotation": 270, "texture": "#2"},
				"up": {"uv": [2.5, 7.5, 3, 9], "texture": "#2"},
				"down": {"uv": [3.5, 7.5, 4, 9], "rotation": 180, "texture": "#2"}
			}
		},
		{
			"from": [8.427, 6.43317, 7.88876],
			"to": [9.147, 7.15317, 10.04876],
			"rotation": {"angle": 0, "axis": "y", "origin": [7.995, 6.36117, 8.96876]},
			"faces": {
				"north": {"uv": [5, 7, 5.5, 7.5], "texture": "#1"},
				"east": {"uv": [5, 7.5, 5.5, 9], "rotation": 90, "texture": "#2"},
				"south": {"uv": [4.5, 7, 5, 7.5], "rotation": 180, "texture": "#2"},
				"west": {"uv": [4, 7.5, 4.5, 9], "rotation": 270, "texture": "#2"},
				"up": {"uv": [4.5, 7.5, 5, 9], "texture": "#2"},
				"down": {"uv": [5.5, 7.5, 6, 9], "rotation": 180, "texture": "#2"}
			}
		},
		{
			"from": [8.355, 6.36117, 7.81676],
			"to": [9.219, 7.22517, 10.12076],
			"rotation": {"angle": 0, "axis": "y", "origin": [7.995, 6.36117, 8.96876]},
			"faces": {
				"north": {"uv": [7, 7, 7.5, 7.5], "texture": "#2"},
				"east": {"uv": [7, 7.5, 7.5, 9], "rotation": 90, "texture": "#2"},
				"south": {"uv": [6.5, 7, 7, 7.5], "rotation": 180, "texture": "#2"},
				"west": {"uv": [6, 7.5, 6.5, 9], "rotation": 270, "texture": "#2"},
				"up": {"uv": [6.5, 7.5, 7, 9], "texture": "#2"},
				"down": {"uv": [7.5, 7.5, 8, 9], "rotation": 180, "texture": "#2"}
			}
		},
		{
			"from": [6.79, 0.35, 20.7],
			"to": [9.67, 3.23, 23.58],
			"rotation": {"angle": -15, "axis": "x", "origin": [8.23, 1.79, 22.14]},
			"faces": {
				"north": {"uv": [4, 2, 6, 4], "texture": "#1"},
				"east": {"uv": [2, 2, 4, 4], "texture": "#1"},
				"south": {"uv": [0, 2, 2, 4], "texture": "#1"},
				"west": {"uv": [6, 2, 8, 4], "texture": "#1"},
				"up": {"uv": [2, 0, 4, 2], "rotation": 90, "texture": "#1"},
				"down": {"uv": [4, 0, 6, 2], "rotation": 270, "texture": "#1"}
			}
		},
		{
			"from": [6.574, 0.134, 20.484],
			"to": [9.886, 3.446, 23.796],
			"rotation": {"angle": -15, "axis": "x", "origin": [8.23, 1.79, 22.14]},
			"faces": {
				"north": {"uv": [12, 2, 14, 4], "texture": "#1"},
				"east": {"uv": [10, 2, 12, 4], "texture": "#1"},
				"south": {"uv": [8, 2, 10, 4], "texture": "#1"},
				"west": {"uv": [14, 2, 16, 4], "texture": "#1"},
				"up": {"uv": [10, 0, 12, 2], "rotation": 90, "texture": "#1"},
				"down": {"uv": [12, 0, 14, 2], "rotation": 270, "texture": "#1"}
			}
		},
		{
			"from": [7.51, -2.655, 21.835],
			"to": [8.95, 0.225, 23.995],
			"rotation": {"angle": -15, "axis": "x", "origin": [8.23, -1.215, 22.915]},
			"faces": {
				"north": {"uv": [2.5, 5, 3.5, 7], "texture": "#1"},
				"east": {"uv": [1, 5, 2.5, 7], "texture": "#1"},
				"south": {"uv": [0, 5, 1, 7], "texture": "#1"},
				"west": {"uv": [3.5, 5, 5, 7], "texture": "#1"},
				"up": {"uv": [1, 4, 2.5, 5], "rotation": 90, "texture": "#1"},
				"down": {"uv": [2.5, 4, 4, 5], "rotation": 270, "texture": "#1"}
			}
		},
		{
			"from": [7.294, -2.871, 21.619],
			"to": [9.166, 0.441, 24.211],
			"rotation": {"angle": -15, "axis": "x", "origin": [8.23, -1.215, 22.915]},
			"faces": {
				"north": {"uv": [7.5, 5, 8.5, 7], "texture": "#1"},
				"east": {"uv": [6, 5, 7.5, 7], "texture": "#1"},
				"south": {"uv": [5, 5, 6, 7], "texture": "#1"},
				"west": {"uv": [8.5, 5, 10, 7], "texture": "#1"},
				"up": {"uv": [6, 4, 7.5, 5], "rotation": 90, "texture": "#1"},
				"down": {"uv": [7.5, 4, 9, 5], "rotation": 270, "texture": "#1"}
			}
		},
		{
			"from": [7.87, -0.6764, 23.26304],
			"to": [8.59, 1.4836, 23.98304],
			"rotation": {"angle": 37.5, "axis": "x", "origin": [13.99, -0.75, 24.055]},
			"faces": {
				"north": {"uv": [14, 7.5, 14.5, 9], "rotation": 180, "texture": "#1"},
				"east": {"uv": [14.5, 7.5, 15, 9], "rotation": 180, "texture": "#1"},
				"south": {"uv": [15.5, 7.5, 16, 9], "rotation": 180, "texture": "#1"},
				"west": {"uv": [15, 7.5, 15.5, 9], "rotation": 180, "texture": "#1"},
				"up": {"uv": [15, 7.5, 15.5, 7], "rotation": 270, "texture": "#1"},
				"down": {"uv": [14.5, 7.5, 15, 7], "rotation": 90, "texture": "#1"}
			}
		},
		{
			"from": [7.798, -0.7484, 23.19104],
			"to": [8.662, 1.5556, 24.05504],
			"rotation": {"angle": 37.5, "axis": "x", "origin": [13.99, -0.75, 24.055]},
			"faces": {
				"north": {"uv": [12, 7.5, 12.5, 9], "rotation": 180, "texture": "#1"},
				"east": {"uv": [12.5, 7.5, 13, 9], "rotation": 180, "texture": "#1"},
				"south": {"uv": [13.5, 7.5, 14, 9], "rotation": 180, "texture": "#1"},
				"west": {"uv": [13, 7.5, 13.5, 9], "rotation": 180, "texture": "#1"},
				"up": {"uv": [13, 7.5, 13.5, 7], "rotation": 270, "texture": "#1"},
				"down": {"uv": [12.5, 7.5, 13, 7], "rotation": 90, "texture": "#1"}
			}
		},
		{
			"from": [7.87, -1.086, 19.472],
			"to": [8.59, 1.074, 20.192],
			"rotation": {"angle": 22.5, "axis": "x", "origin": [13.99, -3.75, 16.88]},
			"faces": {
				"north": {"uv": [11.5, 7.5, 12, 9], "texture": "#1"},
				"east": {"uv": [10.5, 7.5, 11, 9], "texture": "#1"},
				"south": {"uv": [10, 7.5, 10.5, 9], "texture": "#1"},
				"west": {"uv": [11, 7.5, 11.5, 9], "texture": "#1"},
				"up": {"uv": [10.5, 7.5, 11, 7], "rotation": 90, "texture": "#1"},
				"down": {"uv": [11, 7.5, 11.5, 7], "rotation": 270, "texture": "#1"}
			}
		},
		{
			"from": [7.798, -1.158, 19.4],
			"to": [8.662, 1.146, 20.264],
			"rotation": {"angle": 22.5, "axis": "x", "origin": [13.99, -3.75, 16.88]},
			"faces": {
				"north": {"uv": [9.5, 7.5, 10, 9], "texture": "#1"},
				"east": {"uv": [8.5, 7.5, 9, 9], "texture": "#1"},
				"south": {"uv": [8, 7.5, 8.5, 9], "texture": "#1"},
				"west": {"uv": [9, 7.5, 9.5, 9], "texture": "#1"},
				"up": {"uv": [8.5, 7.5, 9, 7], "rotation": 90, "texture": "#1"},
				"down": {"uv": [9, 7.5, 9.5, 7], "rotation": 270, "texture": "#1"}
			}
		},
		{
			"from": [7.92576, -4.53383, 23.472],
			"to": [8.64576, -2.37383, 24.192],
			"rotation": {"angle": 0, "axis": "z", "origin": [7.85376, -3.45383, 23.04]},
			"faces": {
				"north": {"uv": [1, 7.5, 1.5, 9], "texture": "#1"},
				"east": {"uv": [0.5, 7.5, 1, 9], "texture": "#1"},
				"south": {"uv": [0, 7.5, 0.5, 9], "texture": "#1"},
				"west": {"uv": [1.5, 7.5, 2, 9], "texture": "#1"},
				"up": {"uv": [1, 7, 1.5, 7.5], "rotation": 90, "texture": "#1"},
				"down": {"uv": [0.5, 7, 1, 7.5], "rotation": 270, "texture": "#1"}
			}
		},
		{
			"from": [7.85376, -4.60583, 23.4],
			"to": [8.71776, -2.30183, 24.264],
			"rotation": {"angle": 0, "axis": "z", "origin": [7.85376, -3.45383, 23.04]},
			"faces": {
				"north": {"uv": [3, 7.5, 3.5, 9], "texture": "#1"},
				"east": {"uv": [2.5, 7.5, 3, 9], "texture": "#1"},
				"south": {"uv": [2, 7.5, 2.5, 9], "texture": "#1"},
				"west": {"uv": [3.5, 7.5, 4, 9], "texture": "#1"},
				"up": {"uv": [3, 7, 3.5, 7.5], "rotation": 90, "texture": "#1"},
				"down": {"uv": [2.5, 7, 3, 7.5], "rotation": 270, "texture": "#1"}
			}
		},
		{
			"from": [7.92576, -4.88383, 22.088],
			"to": [8.64576, -2.72383, 22.808],
			"rotation": {"angle": 0, "axis": "z", "origin": [7.85376, -3.80383, 23.24]},
			"faces": {
				"north": {"uv": [5, 7.5, 5.5, 9], "texture": "#1"},
				"east": {"uv": [4.5, 7.5, 5, 9], "texture": "#1"},
				"south": {"uv": [4, 7.5, 4.5, 9], "texture": "#1"},
				"west": {"uv": [5.5, 7.5, 6, 9], "texture": "#1"},
				"up": {"uv": [5, 7, 5.5, 7.5], "rotation": 90, "texture": "#1"},
				"down": {"uv": [4.5, 7, 5, 7.5], "rotation": 270, "texture": "#1"}
			}
		},
		{
			"from": [7.85376, -4.95583, 22.016],
			"to": [8.71776, -2.65183, 22.88],
			"rotation": {"angle": 0, "axis": "z", "origin": [7.85376, -3.80383, 23.24]},
			"faces": {
				"north": {"uv": [7, 7.5, 7.5, 9], "texture": "#1"},
				"east": {"uv": [6.5, 7.5, 7, 9], "texture": "#1"},
				"south": {"uv": [6, 7.5, 6.5, 9], "texture": "#1"},
				"west": {"uv": [7.5, 7.5, 8, 9], "texture": "#1"},
				"up": {"uv": [7, 7, 7.5, 7.5], "rotation": 90, "texture": "#1"},
				"down": {"uv": [6.5, 7, 7, 7.5], "rotation": 270, "texture": "#1"}
			}
		}
	],
	"display": {
		"thirdperson_righthand": {
			"rotation": [0, -180, 0],
			"translation": [0, 2.5, 0],
			"scale": [0.4, 0.4, 0.4]
		},
		"thirdperson_lefthand": {
			"rotation": [0, -180, 0],
			"translation": [0, 2.5, 0],
			"scale": [0.4, 0.4, 0.4]
		},
		"firstperson_righthand": {
			"rotation": [0, -145, 0],
			"scale": [0.54, 0.54, 0.54]
		},
		"firstperson_lefthand": {
			"rotation": [0, -145, 0],
			"scale": [0.54, 0.54, 0.54]
		},
		"gui": {
			"rotation": [7, -64, 0],
			"translation": [1, -0.25, 0],
			"scale": [0.46, 0.46, 0.46]
		},
		"head": {
			"rotation": [0, 90, 0],
			"translation": [0, 18.25, 0],
			"scale": [1.5, 1.5, 1.5]
		},
		"fixed": {
			"rotation": [-90, 0, 0],
			"translation": [0, 8.25, -13.75],
			"scale": [1.73, 1.73, 1.73]
		}
	},
	"groups": [
		{
			"name": "group",
			"origin": [0, -4, 0],
			"color": 0,
			"children": [0, 1, 2, 3, 4]
		},
		{
			"name": "group",
			"origin": [9.9, 20.25, 12.3],
			"color": 0,
			"children": [5, 6, 7, 8, 9, 10, 11, 12, 13, 14, 15, 16, 17, 18, 19, 20, 21, 22, 23, 24, 25, 26, 27, 28, 29, 30, 31, 32, 33, 34, 35, 36, 37, 38, 39, 40]
		},
		{
			"name": "group",
			"origin": [8, 12.5, -9],
			"color": 0,
			"children": [41, 42, 43, 44, 45, 46, 47, 48, 49, 50, 51, 52, 53, 54, 55, 56, 57, 58, 59, 60, 61, 62, 63]
		},
		{
			"name": "group",
			"origin": [0, -4, 0],
			"color": 0,
			"children": [64, 65, 66, 67, 68, 69]
		},
		{
			"name": "gwin",
			"origin": [0, 0, 9],
			"color": 0,
			"children": [70, 71, 72, 73, 74, 75, 76, 77, 78, 79, 80, 81]
		},
		{
			"name": "leona",
			"origin": [2.24, 0, 10.88],
			"color": 0,
			"children": [82, 83, 84, 85, 86, 87, 88, 89, 90, 91, 92, 93]
		}
	]
}