{
	"credit": "Made with Blockbench",
	"texture_size": [32, 32],
	"textures": {
		"1": "item/pepeland/carved_pumpkin/part_1/gneg/gneg",
		"particle": "item/pepeland/carved_pumpkin/part_1/gneg/gneg"
	},
	"elements": [
		{
			"from": [5, 0, 5],
			"to": [11, 1, 11],
			"faces": {
				"north": {"uv": [6, 4.25, 7.5, 4.5], "texture": "#1"},
				"east": {"uv": [6, 4.5, 7.5, 4.75], "texture": "#1"},
				"south": {"uv": [6, 5, 7.5, 5.25], "texture": "#1"},
				"west": {"uv": [6, 6, 7.5, 6.25], "texture": "#1"},
				"up": {"uv": [3, 9, 0, 6], "texture": "#1"},
				"down": {"uv": [4.5, 9, 3, 10.5], "texture": "#1"}
			}
		},
		{
			"from": [5, 10, 5],
			"to": [11, 11, 11],
			"faces": {
				"north": {"uv": [0, 5.5, 1.5, 5.75], "texture": "#1"},
				"east": {"uv": [3.5, 5.5, 5, 5.75], "texture": "#1"},
				"south": {"uv": [4.25, 0.25, 5.75, 0.5], "texture": "#1"},
				"west": {"uv": [0, 5.75, 1.5, 6], "texture": "#1"},
				"up": {"uv": [1.5, 7.5, 0, 6], "texture": "#1"},
				"down": {"uv": [3.5, 4.5, 2, 6], "texture": "#1"}
			}
		},
		{
			"from": [6.5, 6, 3],
			"to": [9.5, 8, 4],
			"faces": {
				"north": {"uv": [6.5, 9, 8, 10], "texture": "#1"},
				"east": {"uv": [8, 8, 8.5, 9], "texture": "#1"},
				"south": {"uv": [3.5, 4.5, 5, 5.5], "texture": "#1"},
				"west": {"uv": [8.5, 8, 9, 9], "texture": "#1"},
				"up": {"uv": [8, 9, 6.5, 8.5], "texture": "#1"},
				"down": {"uv": [8, 8, 6.5, 8.5], "texture": "#1"}
			}
		},
		{
			"from": [10, 11, 7],
			"to": [11, 12, 9],
			"faces": {
				"north": {"uv": [7, 2.5, 7.5, 3], "texture": "#1"},
				"east": {"uv": [6.5, 6.5, 7.5, 7], "texture": "#1"},
				"south": {"uv": [3, 7, 3.5, 7.5], "texture": "#1"},
				"west": {"uv": [7, 0, 8, 0.5], "texture": "#1"},
				"up": {"uv": [7.5, 1.5, 7, 0.5], "texture": "#1"},
				"down": {"uv": [7.5, 1.5, 7, 2.5], "texture": "#1"}
			}
		},
		{
			"from": [5, 11, 7],
			"to": [6, 12, 9],
			"faces": {
				"north": {"uv": [1.5, 0, 2, 0.5], "texture": "#1"},
				"east": {"uv": [1, 0.5, 2, 1], "texture": "#1"},
				"south": {"uv": [1.5, 5.5, 2, 6], "texture": "#1"},
				"west": {"uv": [3, 6, 4, 6.5], "texture": "#1"},
				"up": {"uv": [4, 5.5, 3.5, 4.5], "texture": "#1"},
				"down": {"uv": [4.5, 6, 4, 7], "texture": "#1"}
			}
		},
		{
			"from": [6, 11, 8],
			"to": [7, 12, 9],
			"faces": {
				"north": {"uv": [7, 3, 7.5, 3.5], "texture": "#1"},
				"east": {"uv": [3.5, 7, 4, 7.5], "texture": "#1"},
				"south": {"uv": [7, 3.5, 7.5, 4], "texture": "#1"},
				"west": {"uv": [4, 7, 4.5, 7.5], "texture": "#1"},
				"up": {"uv": [5, 7.5, 4.5, 7], "texture": "#1"},
				"down": {"uv": [5.5, 7, 5, 7.5], "texture": "#1"}
			}
		},
		{
			"from": [9, 11, 8],
			"to": [10, 12, 9],
			"faces": {
				"north": {"uv": [6.5, 3.5, 7, 4], "texture": "#1"},
				"east": {"uv": [4.5, 6.5, 5, 7], "texture": "#1"},
				"south": {"uv": [5, 6.5, 5.5, 7], "texture": "#1"},
				"west": {"uv": [5.5, 6.5, 6, 7], "texture": "#1"},
				"up": {"uv": [7, 6, 6.5, 5.5], "texture": "#1"},
				"down": {"uv": [6.5, 6.5, 6, 7], "texture": "#1"}
			}
		},
		{
			"from": [10, 12, 8],
			"to": [11, 13, 9],
			"faces": {
				"north": {"uv": [6.5, 1.5, 7, 2], "texture": "#1"},
				"east": {"uv": [6.5, 2, 7, 2.5], "texture": "#1"},
				"south": {"uv": [6.5, 2.5, 7, 3], "texture": "#1"},
				"west": {"uv": [3, 6.5, 3.5, 7], "texture": "#1"},
				"up": {"uv": [7, 3.5, 6.5, 3], "texture": "#1"},
				"down": {"uv": [4, 6.5, 3.5, 7], "texture": "#1"}
			}
		},
		{
			"from": [5, 12, 8],
			"to": [6, 13, 9],
			"faces": {
				"north": {"uv": [4.5, 6, 5, 6.5], "texture": "#1"},
				"east": {"uv": [5, 6, 5.5, 6.5], "texture": "#1"},
				"south": {"uv": [5.5, 6, 6, 6.5], "texture": "#1"},
				"west": {"uv": [6.5, 0, 7, 0.5], "texture": "#1"},
				"up": {"uv": [7, 1, 6.5, 0.5], "texture": "#1"},
				"down": {"uv": [7, 1, 6.5, 1.5], "texture": "#1"}
			}
		},
		{
			"from": [4, 1, 4],
			"to": [12, 10, 12],
			"faces": {
				"north": {"uv": [0.25, 1, 2.25, 3.25], "texture": "#1"},
				"east": {"uv": [2.25, 0, 4.25, 2.25], "texture": "#1"},
				"south": {"uv": [2.25, 2.25, 4.25, 4.5], "texture": "#1"},
				"west": {"uv": [0, 3.25, 2, 5.5], "texture": "#1"},
				"up": {"uv": [6.25, 2, 4.25, 0], "texture": "#1"},
				"down": {"uv": [6.25, 2, 4.25, 4], "texture": "#1"}
			}
		}
	],
	"display": {
		"thirdperson_righthand": {
			"translation": [0, 1.25, -0.5],
			"scale": [0.36, 0.36, 0.36]
		},
		"thirdperson_lefthand": {
			"translation": [0, 1.25, -0.5],
			"scale": [0.36, 0.36, 0.36]
		},
		"firstperson_righthand": {
			"rotation": [0, 120, 0],
			"translation": [0, 7, 1.75],
			"scale": [0.56, 0.56, 0.56]
		},
		"firstperson_lefthand": {
			"rotation": [0, 120, 0],
			"translation": [0, 7, 1.75],
			"scale": [0.56, 0.56, 0.56]
		},
		"ground": {
			"translation": [0, 0.5, 0],
			"scale": [0.46, 0.46, 0.46]
		},
		"gui": {
			"rotation": [34, -136, 0],
			"translation": [0, 1.75, 0]
		},
		"head": {
			"translation": [0, 6.25, 0],
			"scale": [1.96, 1.96, 1.96]
		},
		"fixed": {
			"rotation": [-90, 0, 0],
			"translation": [0, 0, -18.75],
			"scale": [2.32, 2.32, 2.32]
		}
	}
}