{
	"credit": "Made with Blockbench",
	"texture_size": [64, 64],
	"textures": {
		"0": "item/pepeland/carved_pumpkin/part_1/4am/4am",
		"particle": "item/pepeland/carved_pumpkin/part_1/4am/4am"
	},
	"elements": [
		{
			"from": [3, 0.5, 3],
			"to": [13, 1, 13],
			"faces": {
				"north": {"uv": [5.75, 1, 8.25, 1.25], "texture": "#0"},
				"east": {"uv": [5.75, 1.25, 8.25, 1.5], "texture": "#0"},
				"south": {"uv": [5.75, 1.5, 8.25, 1.75], "texture": "#0"},
				"west": {"uv": [5.75, 1.75, 8.25, 2], "texture": "#0"},
				"up": {"uv": [5.75, 3.5, 3.25, 1], "texture": "#0"},
				"down": {"uv": [5.75, 3.5, 3.25, 6], "texture": "#0"}
			}
		},
		{
			"from": [1.75, 0, 2],
			"to": [14.75, 0.5, 15],
			"faces": {
				"north": {"uv": [3.25, 0, 6.5, 0.25], "texture": "#0"},
				"east": {"uv": [3.25, 0.25, 6.5, 0.5], "texture": "#0"},
				"south": {"uv": [3.25, 0.5, 6.5, 0.75], "texture": "#0"},
				"west": {"uv": [3.25, 0.75, 6.5, 1], "texture": "#0"},
				"up": {"uv": [3.25, 3.25, 0, 0], "texture": "#0"},
				"down": {"uv": [3.25, 3.25, 0, 6.5], "texture": "#0"}
			}
		},
		{
			"from": [3.5, 0.75, 4],
			"to": [11.5, 1.75, 12],
			"faces": {
				"north": {"uv": [3.25, 6, 5.25, 6.25], "texture": "#0"},
				"east": {"uv": [5.25, 6, 7.25, 6.25], "texture": "#0"},
				"south": {"uv": [3.25, 6.25, 5.25, 6.5], "texture": "#0"},
				"west": {"uv": [5.25, 6.25, 7.25, 6.5], "texture": "#0"},
				"up": {"uv": [7.75, 4, 5.75, 2], "texture": "#0"},
				"down": {"uv": [7.75, 4, 5.75, 6], "texture": "#0"}
			}
		},
		{
			"from": [4.25, 1.5, 5],
			"to": [10.25, 2.5, 11],
			"faces": {
				"north": {"uv": [6.5, 0, 8, 0.25], "texture": "#0"},
				"east": {"uv": [6.5, 0.25, 8, 0.5], "texture": "#0"},
				"south": {"uv": [6.5, 0.5, 8, 0.75], "texture": "#0"},
				"west": {"uv": [6.5, 0.75, 8, 1], "texture": "#0"},
				"up": {"uv": [1.5, 8, 0, 6.5], "texture": "#0"},
				"down": {"uv": [3, 6.5, 1.5, 8], "texture": "#0"}
			}
		},
		{
			"from": [5, 2.5, 5.75],
			"to": [9, 3.5, 9.75],
			"faces": {
				"north": {"uv": [5, 6.5, 6, 6.75], "texture": "#0"},
				"east": {"uv": [6, 6.5, 7, 6.75], "texture": "#0"},
				"south": {"uv": [5, 6.75, 6, 7], "texture": "#0"},
				"west": {"uv": [6, 6.75, 7, 7], "texture": "#0"},
				"up": {"uv": [4, 7.5, 3, 6.5], "texture": "#0"},
				"down": {"uv": [5, 6.5, 4, 7.5], "texture": "#0"}
			}
		},
		{
			"from": [5.5, 3.5, 6.25],
			"to": [8.5, 4.75, 9.25],
			"faces": {
				"north": {"uv": [5, 6.5, 6, 6.75], "texture": "#0"},
				"east": {"uv": [6, 6.5, 7, 6.75], "texture": "#0"},
				"south": {"uv": [5, 6.75, 6, 7], "texture": "#0"},
				"west": {"uv": [6, 6.75, 7, 7], "texture": "#0"},
				"up": {"uv": [4, 7.5, 3, 6.5], "texture": "#0"},
				"down": {"uv": [5, 6.5, 4, 7.5], "texture": "#0"}
			}
		}
	],
	"display": {
		"thirdperson_righthand": {
			"translation": [0, 3.25, 0],
			"scale": [0.52, 0.52, 0.52]
		},
		"thirdperson_lefthand": {
			"translation": [0, 3.25, 0],
			"scale": [0.52, 0.52, 0.52]
		},
		"firstperson_righthand": {
			"translation": [0, 8.75, 0]
		},
		"firstperson_lefthand": {
			"translation": [0, 8.75, 0]
		},
		"ground": {
			"translation": [0, 5.5, 0]
		},
		"gui": {
			"rotation": [23, 45, 0],
			"translation": [0, 4.5, 0],
			"scale": [0.76, 0.76, 0.76]
		},
		"head": {
			"translation": [0, 22, 0],
			"scale": [2.28, 2.28, 2.28]
		},
		"fixed": {
			"rotation": [-90, 0, 0],
			"translation": [-0.5, -0.75, -14],
			"scale": [1.82, 1.82, 1.82]
		}
	}
}