{
	"credit": "Made with Blockbench",
	"texture_size": [64, 64],
	"textures": {
		"0": "item/pepeland/carved_pumpkin/part_1/cone/cone",
		"particle": "item/pepeland/carved_pumpkin/part_1/cone/cone"
	},
	"elements": [
		{
			"from": [3, 0, 3],
			"to": [13, 1, 13],
			"faces": {
				"north": {"uv": [5.5, 4.75, 8, 5], "texture": "#0"},
				"east": {"uv": [6, 3, 8.5, 3.25], "texture": "#0"},
				"south": {"uv": [6, 3.25, 8.5, 3.5], "texture": "#0"},
				"west": {"uv": [6, 3.5, 8.5, 3.75], "texture": "#0"},
				"up": {"uv": [2.5, 2.5, 0, 0], "texture": "#0"},
				"down": {"uv": [2.5, 2.5, 0, 5], "texture": "#0"}
			}
		},
		{
			"from": [4.5, 1, 4.5],
			"to": [11.5, 6, 11.5],
			"faces": {
				"north": {"uv": [2.5, 3.5, 4.25, 4.75], "texture": "#0"},
				"east": {"uv": [4.25, 0, 6, 1.25], "texture": "#0"},
				"south": {"uv": [4.25, 1.25, 6, 2.5], "texture": "#0"},
				"west": {"uv": [4.25, 2.5, 6, 3.75], "texture": "#0"},
				"up": {"uv": [4.25, 1.75, 2.5, 0], "texture": "#0"},
				"down": {"uv": [4.25, 1.75, 2.5, 3.5], "texture": "#0"}
			}
		},
		{
			"from": [5.5, 6, 5.5],
			"to": [10.5, 11, 10.5],
			"faces": {
				"north": {"uv": [4.25, 3.75, 5.5, 5], "texture": "#0"},
				"east": {"uv": [2.5, 4.75, 3.75, 6], "texture": "#0"},
				"south": {"uv": [0, 5, 1.25, 6.25], "texture": "#0"},
				"west": {"uv": [1.25, 5, 2.5, 6.25], "texture": "#0"},
				"up": {"uv": [5, 6.25, 3.75, 5], "texture": "#0"},
				"down": {"uv": [6.25, 5, 5, 6.25], "texture": "#0"}
			}
		},
		{
			"from": [6.75, 11, 6.75],
			"to": [9.25, 15, 9.25],
			"faces": {
				"north": {"uv": [5.5, 3.75, 6.25, 4.75], "texture": "#0"},
				"east": {"uv": [6, 0, 6.75, 1], "texture": "#0"},
				"south": {"uv": [6, 1, 6.75, 2], "texture": "#0"},
				"west": {"uv": [6, 2, 6.75, 3], "texture": "#0"},
				"up": {"uv": [3.25, 6.75, 2.5, 6], "texture": "#0"},
				"down": {"uv": [0.75, 6.25, 0, 7], "texture": "#0"}
			}
		}
	],
	"display": {
		"thirdperson_righthand": {
			"translation": [0, 3.25, 0],
			"scale": [0.4, 0.4, 0.4]
		},
		"thirdperson_lefthand": {
			"translation": [0, 3.25, 0],
			"scale": [0.4, 0.4, 0.4]
		},
		"firstperson_righthand": {
			"translation": [0, 4.25, 0],
			"scale": [0.43, 0.43, 0.43]
		},
		"firstperson_lefthand": {
			"translation": [0, 4.25, 0],
			"scale": [0.43, 0.43, 0.43]
		},
		"ground": {
			"translation": [0, 1.25, 0],
			"scale": [0.51, 0.51, 0.51]
		},
		"gui": {
			"rotation": [31, 38, 0],
			"translation": [0, 1.5, 0],
			"scale": [0.79, 0.79, 0.79]
		},
		"head": {
			"translation": [0, 18.5, 0],
			"scale": [1.51, 1.51, 1.51]
		},
		"fixed": {
			"rotation": [-90, 0, 0],
			"translation": [0, 0, -15],
			"scale": [1.89, 1.89, 1.89]
		}
	}
}