{
	"credit": "Made with Blockbench",
	"texture_size": [64, 64],
	"textures": {
		"1": "item/pepeland/carved_pumpkin/part_2/feelspwgoodman/feelspwgoodman"
	},
	"elements": [
		{
			"from": [3, 0, 4],
			"to": [13, 8, 12],
			"faces": {
				"north": {"uv": [2.25, 6.5, 4.75, 8.5], "texture": "#1"},
				"east": {"uv": [2.25, 8.75, 4.25, 10.75], "texture": "#1"},
				"south": {"uv": [6.5, 3.25, 9, 5.25], "texture": "#1"},
				"west": {"uv": [4.5, 8.75, 6.5, 10.75], "texture": "#1"},
				"up": {"uv": [7.5, 8.5, 5, 6.5], "texture": "#1"},
				"down": {"uv": [10.25, 5.5, 7.75, 7.5], "texture": "#1"}
			}
		},
		{
			"from": [0.98, 5.98, 1.98],
			"to": [15.02, 6.02, 14.02],
			"rotation": {"angle": 0, "axis": "y", "origin": [8, 5.495, 8.75]},
			"faces": {
				"north": {"uv": [11, 12.5, 14.5, 12.5], "texture": "#1"},
				"east": {"uv": [12.5, 11.5, 15.5, 11.5], "texture": "#1"},
				"south": {"uv": [12.5, 11.75, 16, 11.75], "texture": "#1"},
				"west": {"uv": [12.5, 12, 15.5, 12], "texture": "#1"},
				"up": {"uv": [3.5, 3, 0, 0], "texture": "#1"},
				"down": {"uv": [3.5, 3.25, 0, 6.25], "texture": "#1"}
			}
		},
		{
			"from": [2.99, 5.99, 3.99],
			"to": [13.01, 18.01, 12.01],
			"rotation": {"angle": 0, "axis": "y", "origin": [8, 5.495, 8.75]},
			"faces": {
				"north": {"uv": [3.75, 0, 6.25, 3], "texture": "#1"},
				"east": {"uv": [0, 6.5, 2, 9.5], "texture": "#1"},
				"south": {"uv": [3.75, 3.25, 6.25, 6.25], "texture": "#1"},
				"west": {"uv": [6.5, 0, 8.5, 3], "texture": "#1"},
				"up": {"uv": [10.25, 9.75, 7.75, 7.75], "texture": "#1"},
				"down": {"uv": [11.25, 0, 8.75, 2], "texture": "#1"}
			}
		},
		{
			"from": [2.75, -0.25, 3.75],
			"to": [13.25, 6.25, 6.25],
			"faces": {
				"north": {"uv": [2.25, 11, 4.75, 12.5], "texture": "#1"},
				"east": {"uv": [5, 11, 5.5, 12.5], "texture": "#1"},
				"south": {"uv": [11.25, 9, 13.75, 10.5], "texture": "#1"},
				"west": {"uv": [5.75, 11, 6.25, 12.5], "texture": "#1"},
				"up": {"uv": [13.75, 11.25, 11.25, 10.75], "texture": "#1"},
				"down": {"uv": [14, 0, 11.5, 0.5], "texture": "#1"}
			}
		},
		{
			"from": [11.99, 7.99, 11.99],
			"to": [4.01, 0.01, 4.01],
			"faces": {
				"north": {"uv": [9.25, 2.25, 11.25, 4.25], "texture": "#1"},
				"east": {"uv": [0, 9.75, 2, 11.75], "texture": "#1"},
				"south": {"uv": [6.75, 10, 8.75, 12], "texture": "#1"},
				"west": {"uv": [9, 10, 11, 12], "texture": "#1"},
				"up": {"uv": [12.5, 6.5, 10.5, 4.5], "texture": "#1"},
				"down": {"uv": [12.5, 6.75, 10.5, 8.75], "texture": "#1"}
			}
		},
		{
			"from": [9, 17.99, 4],
			"to": [13, 19.99, 7],
			"rotation": {"angle": 0, "axis": "y", "origin": [8, 5.495, 8.75]},
			"faces": {
				"north": {"uv": [6.5, 12.25, 7.5, 12.75], "texture": "#1"},
				"east": {"uv": [9, 12.25, 9.75, 12.75], "texture": "#1"},
				"south": {"uv": [7.75, 12.25, 8.75, 12.75], "texture": "#1"},
				"west": {"uv": [10, 12.25, 10.75, 12.75], "texture": "#1"},
				"up": {"uv": [12.5, 3, 11.5, 2.25], "texture": "#1"},
				"down": {"uv": [12.5, 3.25, 11.5, 4], "texture": "#1"}
			}
		},
		{
			"from": [3, 17.99, 4],
			"to": [7, 19.99, 7],
			"rotation": {"angle": 0, "axis": "y", "origin": [8, 5.495, 8.75]},
			"faces": {
				"north": {"uv": [11.25, 11.5, 12.25, 12], "texture": "#1"},
				"east": {"uv": [6.75, 8.75, 7.5, 9.25], "texture": "#1"},
				"south": {"uv": [0, 12, 1, 12.5], "texture": "#1"},
				"west": {"uv": [1.25, 12, 2, 12.5], "texture": "#1"},
				"up": {"uv": [7.5, 6.25, 6.5, 5.5], "texture": "#1"},
				"down": {"uv": [10.25, 4.5, 9.25, 5.25], "texture": "#1"}
			}
		}
	],
	"display": {
		"thirdperson_righthand": {
			"translation": [0, 2.25, 0],
			"scale": [0.3, 0.3, 0.3]
		},
		"thirdperson_lefthand": {
			"translation": [0, 2.25, 0],
			"scale": [0.3, 0.3, 0.3]
		},
		"firstperson_righthand": {
			"rotation": [0, 123, 0],
			"translation": [0, 5.25, 0],
			"scale": [0.56, 0.56, 0.56]
		},
		"firstperson_lefthand": {
			"rotation": [0, 123, 0],
			"translation": [0, 5.25, 0],
			"scale": [0.56, 0.56, 0.56]
		},
		"ground": {
			"translation": [0, 2, 0],
			"scale": [0.39, 0.39, 0.39]
		},
		"gui": {
			"rotation": [34, -124, 0],
			"translation": [0, -0.5, 0],
			"scale": [0.56, 0.56, 0.56]
		},
		"head": {
			"translation": [0, 7.75, 0],
			"scale": [2, 2, 2]
		},
		"fixed": {
			"scale": [0.64, 0.64, 0.64]
		}
	}
}