{
	"credit": "Made with Blockbench",
	"textures": {
		"1": "item/pepeland/carved_pumpkin/part_5/amogus/amogus"
	},
	"elements": [
		{
			"from": [6.5, 2, 6],
			"to": [9.5, 8, 10],
			"faces": {
				"north": {"uv": [0, 2.5, 1.5, 6], "texture": "#1"},
				"east": {"uv": [5.5, 2.5, 8, 6], "texture": "#1"},
				"south": {"uv": [4, 2.5, 5.5, 6], "texture": "#1"},
				"west": {"uv": [1.5, 2.5, 4, 6], "texture": "#1"},
				"up": {"uv": [2.5, 0, 4, 2.5], "texture": "#1"},
				"down": {"uv": [4, 0, 5.5, 2.5], "texture": "#1"}
			}
		},
		{
			"from": [7, 0, 6],
			"to": [9, 2, 7],
			"faces": {
				"north": {"uv": [0, 6.5, 1, 7.5], "texture": "#1"},
				"east": {"uv": [2.5, 6.5, 3, 7.5], "texture": "#1"},
				"south": {"uv": [1.5, 6.5, 2.5, 7.5], "texture": "#1"},
				"west": {"uv": [1, 6.5, 1.5, 7.5], "texture": "#1"},
				"up": {"uv": [0.5, 6, 1.5, 6.5], "texture": "#1"},
				"down": {"uv": [1.5, 6.5, 2.5, 6], "texture": "#1"}
			}
		},
		{
			"from": [7, 0, 9],
			"to": [9, 2, 10],
			"faces": {
				"north": {"uv": [0, 6.5, 1, 7.5], "texture": "#1"},
				"east": {"uv": [2.5, 6.5, 3, 7.5], "texture": "#1"},
				"south": {"uv": [1.5, 6.5, 2.5, 7.5], "texture": "#1"},
				"west": {"uv": [1, 6.5, 1.5, 7.5], "texture": "#1"},
				"up": {"uv": [0.5, 6, 1.5, 6.5], "texture": "#1"},
				"down": {"uv": [1.5, 6.5, 2.5, 6], "texture": "#1"}
			}
		},
		{
			"from": [9.5, 2.8, 6.5],
			"to": [10.5, 6.8, 9.5],
			"faces": {
				"north": {"uv": [10, 4, 10.5, 6], "texture": "#1"},
				"east": {"uv": [8.5, 4, 10, 6], "texture": "#1"},
				"south": {"uv": [8, 4, 8.5, 6], "texture": "#1"},
				"west": {"uv": [10.5, 4, 12, 6], "texture": "#1"},
				"up": {"uv": [9.5, 2.5, 10, 4], "texture": "#1"},
				"down": {"uv": [10, 2.5, 10.5, 4], "texture": "#1"}
			}
		},
		{
			"from": [5.5, 5, 6.5],
			"to": [6.5, 7, 9.5],
			"faces": {
				"north": {"uv": [5.5, 1.5, 6, 2.5], "texture": "#1"},
				"east": {"uv": [8, 1.5, 9.5, 2.5], "texture": "#1"},
				"south": {"uv": [7.5, 1.5, 8, 2.5], "texture": "#1"},
				"west": {"uv": [6, 1.5, 7.5, 2.5], "texture": "#1"},
				"up": {"uv": [7.5, 0, 8, 1.5], "texture": "#1"},
				"down": {"uv": [7, 0, 7.5, 1.5], "texture": "#1"}
			}
		}
	],
	"display": {
		"thirdperson_righthand": {
			"rotation": [55, -90, 0],
			"translation": [0, 3, 2.25],
			"scale": [0.8, 0.8, 0.8]
		},
		"thirdperson_lefthand": {
			"rotation": [55, 90, 0],
			"translation": [0, 3, 2.25],
			"scale": [0.8, 0.8, 0.8]
		},
		"firstperson_righthand": {
			"rotation": [0, 24, 0],
			"translation": [1.13, 7.2, 0.63]
		},
		"firstperson_lefthand": {
			"rotation": [0, -156, 0],
			"translation": [1.13, 7.2, 0.63]
		},
		"ground": {
			"translation": [0, 2, 0],
			"scale": [0.7, 0.7, 0.7]
		},
		"gui": {
			"rotation": [23, 114, 0],
			"translation": [0, 5.25, 0],
			"scale": [1.5, 1.5, 1.5]
		},
		"head": {
			"rotation": [0, -90, 0],
			"translation": [0, 14.25, 0]
		},
		"fixed": {
			"rotation": [0, -90, 0],
			"translation": [0, 8, 0],
			"scale": [2, 2, 2]
		}
	}
}