{
	"credit": "Made with Blockbench",
	"texture_size": [32, 32],
	"textures": {
		"0": "item/pepeland/carved_pumpkin/part_1/5051/5051",
		"particle": "item/pepeland/carved_pumpkin/part_1/5051/5051"
	},
	"elements": [
		{
			"from": [7, 6, 7],
			"to": [8, 7, 8],
			"rotation": {"angle": 0, "axis": "y", "origin": [7.5, 4.5, 7.5]},
			"faces": {
				"north": {"uv": [0.5, 0.5, 1, 1], "texture": "#0"},
				"east": {"uv": [0, 0.5, 0.5, 1], "texture": "#0"},
				"south": {"uv": [1.5, 0.5, 2, 1], "texture": "#0"},
				"west": {"uv": [1, 0.5, 1.5, 1], "texture": "#0"},
				"up": {"uv": [1, 0.5, 0.5, 0], "texture": "#0"},
				"down": {"uv": [1.5, 0, 1, 0.5], "texture": "#0"}
			}
		},
		{
			"from": [6, 5, 6],
			"to": [9, 6, 9],
			"rotation": {"angle": 0, "axis": "y", "origin": [7.5, 4.5, 7.5]},
			"faces": {
				"north": {"uv": [1.5, 5, 3, 5.5], "texture": "#0"},
				"east": {"uv": [0, 5, 1.5, 5.5], "texture": "#0"},
				"south": {"uv": [4.5, 5, 6, 5.5], "texture": "#0"},
				"west": {"uv": [3, 5, 4.5, 5.5], "texture": "#0"},
				"up": {"uv": [3, 5, 1.5, 3.5], "texture": "#0"},
				"down": {"uv": [4.5, 3.5, 3, 5], "texture": "#0"}
			}
		},
		{
			"from": [5, 3, 5],
			"to": [10, 5, 10],
			"rotation": {"angle": 0, "axis": "y", "origin": [7.5, 4.5, 7.5]},
			"faces": {
				"north": {"uv": [2.5, 2.5, 5, 3.5], "texture": "#0"},
				"east": {"uv": [0, 2.5, 2.5, 3.5], "texture": "#0"},
				"south": {"uv": [7.5, 2.5, 10, 3.5], "texture": "#0"},
				"west": {"uv": [5, 2.5, 7.5, 3.5], "texture": "#0"},
				"up": {"uv": [5, 2.5, 2.5, 0], "texture": "#0"},
				"down": {"uv": [7.5, 0, 5, 2.5], "texture": "#0"}
			}
		},
		{
			"from": [9, 1, 7],
			"to": [10, 3, 8],
			"rotation": {"angle": 0, "axis": "y", "origin": [7.5, 4.5, 7.5]},
			"faces": {
				"north": {"uv": [5, 4, 5.5, 5], "texture": "#0"},
				"east": {"uv": [4.5, 4, 5, 5], "texture": "#0"},
				"south": {"uv": [6, 4, 6.5, 5], "texture": "#0"},
				"west": {"uv": [5.5, 4, 6, 5], "texture": "#0"},
				"up": {"uv": [5.5, 4, 5, 3.5], "texture": "#0"},
				"down": {"uv": [6, 3.5, 5.5, 4], "texture": "#0"}
			}
		},
		{
			"from": [5, 1, 7],
			"to": [6, 3, 8],
			"rotation": {"angle": 0, "axis": "y", "origin": [7.5, 4.5, 7.5]},
			"faces": {
				"north": {"uv": [0.5, 1.5, 1, 2.5], "texture": "#0"},
				"east": {"uv": [0, 1.5, 0.5, 2.5], "texture": "#0"},
				"south": {"uv": [1.5, 1.5, 2, 2.5], "texture": "#0"},
				"west": {"uv": [1, 1.5, 1.5, 2.5], "texture": "#0"},
				"up": {"uv": [1, 1.5, 0.5, 1], "texture": "#0"},
				"down": {"uv": [1.5, 1, 1, 1.5], "texture": "#0"}
			}
		},
		{
			"from": [5, 0, 7],
			"to": [10, 1, 8],
			"rotation": {"angle": 0, "axis": "y", "origin": [7.5, 4.5, 7.5]},
			"faces": {
				"north": {"uv": [0.5, 6, 3, 6.5], "texture": "#0"},
				"east": {"uv": [0, 6, 0.5, 6.5], "texture": "#0"},
				"south": {"uv": [3.5, 6, 6, 6.5], "texture": "#0"},
				"west": {"uv": [3, 6, 3.5, 6.5], "texture": "#0"},
				"up": {"uv": [3, 6, 0.5, 5.5], "texture": "#0"},
				"down": {"uv": [5.5, 5.5, 3, 6], "texture": "#0"}
			}
		}
	],
	"display": {
		"thirdperson_righthand": {
			"translation": [0.25, 2.25, 0],
			"scale": [0.5, 0.5, 0.5]
		},
		"thirdperson_lefthand": {
			"translation": [-0.25, 2.25, 0],
			"scale": [0.5, 0.5, 0.5]
		},
		"firstperson_righthand": {
			"translation": [2, 5.25, 0]
		},
		"firstperson_lefthand": {
			"translation": [0, 5.5, 0]
		},
		"ground": {
			"translation": [0, 1, 0],
			"scale": [0.62, 0.62, 0.62]
		},
		"gui": {
			"rotation": [-138, 45, 0],
			"translation": [1.25, -4.75, 0],
			"scale": [1.55, 1.55, 1.55]
		},
		"head": {
			"rotation": [90, 0, 0],
			"translation": [0.5, -3.75, -4]
		},
		"fixed": {
			"translation": [1, 9.25, 0],
			"scale": [1.82, 1.82, 1.82]
		}
	},
	"groups": [
		{
			"name": "bone",
			"origin": [0, 6, 0],
			"color": 0,
			"children": [
				{
					"name": "Сосок",
					"origin": [0, 6, 0],
					"color": 0,
					"children": [0, 1]
				}
			]
		},
		{
			"name": "Основание",
			"origin": [0, 6, 0],
			"color": 0,
			"children": [2, 3, 4, 5]
		}
	]
}