{
	"credit": "Made with Blockbench",
	"texture_size": [64, 64],
	"textures": {
		"0": "item/pepeland/carved_pumpkin/part_1/tent_chest/tent_chest",
		"particle": "item/pepeland/carved_pumpkin/part_1/tent_chest/tent_chest"
	},
	"elements": [
		{
			"from": [1, 0, 1],
			"to": [15, 10, 15],
			"rotation": {"angle": 0, "axis": "y", "origin": [1, 0, 1]},
			"faces": {
				"north": {"uv": [0, 7, 3.5, 9.5], "texture": "#0"},
				"east": {"uv": [7, 0, 10.5, 2.5], "texture": "#0"},
				"south": {"uv": [7, 2.5, 10.5, 5], "texture": "#0"},
				"west": {"uv": [3.5, 7, 7, 9.5], "texture": "#0"},
				"up": {"uv": [3.5, 3.5, 0, 0], "texture": "#0"},
				"down": {"uv": [3.5, 3.5, 0, 7], "texture": "#0"}
			}
		},
		{
			"from": [1, 10, 1],
			"to": [15, 15, 15],
			"rotation": {"angle": 22.5, "axis": "x", "origin": [1, 10, 15]},
			"faces": {
				"north": {"uv": [7, 5, 10.5, 6.25], "texture": "#0"},
				"east": {"uv": [7, 6.25, 10.5, 7.5], "texture": "#0"},
				"south": {"uv": [7, 7.5, 10.5, 8.75], "texture": "#0"},
				"west": {"uv": [7, 8.75, 10.5, 10], "texture": "#0"},
				"up": {"uv": [7, 3.5, 3.5, 0], "texture": "#0"},
				"down": {"uv": [7, 3.5, 3.5, 7], "texture": "#0"}
			}
		},
		{
			"from": [7, 8, 0],
			"to": [9, 12, 1],
			"rotation": {"angle": 22.5, "axis": "x", "origin": [7, 10, 15]},
			"faces": {
				"north": {"uv": [10.5, 6.75, 11, 7.75], "texture": "#0"},
				"east": {"uv": [10.5, 10.5, 10.75, 11.5], "texture": "#0"},
				"south": {"uv": [10.5, 7.75, 11, 8.75], "texture": "#0"},
				"west": {"uv": [2.5, 10.75, 2.75, 11.75], "texture": "#0"},
				"up": {"uv": [8.5, 11.5, 8, 11.25], "texture": "#0"},
				"down": {"uv": [9, 11.25, 8.5, 11.5], "texture": "#0"}
			}
		},
		{
			"from": [5.5, 8, 6],
			"to": [10.5, 11, 12],
			"rotation": {"angle": 22.5, "axis": "x", "origin": [8, 9.5, 9]},
			"faces": {
				"north": {"uv": [8, 10, 9.25, 10.75], "texture": "#0"},
				"east": {"uv": [5, 9.5, 6.5, 10.25], "texture": "#0"},
				"south": {"uv": [9.25, 10, 10.5, 10.75], "texture": "#0"},
				"west": {"uv": [6.5, 10, 8, 10.75], "texture": "#0"},
				"up": {"uv": [1.25, 11, 0, 9.5], "texture": "#0"},
				"down": {"uv": [2.5, 9.5, 1.25, 11], "texture": "#0"}
			}
		},
		{
			"from": [5.55, 10.225, 1.8],
			"to": [10.45, 11.975, 6.8],
			"rotation": {"angle": 0, "axis": "y", "origin": [8.05, 11.725, 4.8]},
			"faces": {
				"north": {"uv": [10.5, 4.75, 11.75, 5.25], "texture": "#0"},
				"east": {"uv": [10.5, 5.25, 11.75, 5.75], "texture": "#0"},
				"south": {"uv": [10.5, 5.75, 11.75, 6.25], "texture": "#0"},
				"west": {"uv": [10.5, 6.25, 11.75, 6.75], "texture": "#0"},
				"up": {"uv": [3.75, 10.75, 2.5, 9.5], "texture": "#0"},
				"down": {"uv": [5, 9.5, 3.75, 10.75], "texture": "#0"}
			}
		},
		{
			"from": [5.6, 10.425, -1.2],
			"to": [10.4, 11.925, 1.8],
			"rotation": {"angle": -22.5, "axis": "x", "origin": [8.1, 11.925, 1.8]},
			"faces": {
				"north": {"uv": [10.5, 8.75, 11.75, 9], "texture": "#0"},
				"east": {"uv": [11.25, 2.25, 12, 2.5], "texture": "#0"},
				"south": {"uv": [10.5, 9, 11.75, 9.25], "texture": "#0"},
				"west": {"uv": [11.25, 2.5, 12, 2.75], "texture": "#0"},
				"up": {"uv": [6.25, 11, 5, 10.25], "texture": "#0"},
				"down": {"uv": [11.75, 0, 10.5, 0.75], "texture": "#0"}
			}
		},
		{
			"from": [6, 9.425, -4.225],
			"to": [10, 10.425, -1.225],
			"rotation": {"angle": -45, "axis": "x", "origin": [8.5, 10.925, -1.225]},
			"faces": {
				"north": {"uv": [2.75, 10.75, 3.75, 11], "texture": "#0"},
				"east": {"uv": [11.25, 2.75, 12, 3], "texture": "#0"},
				"south": {"uv": [3.75, 10.75, 4.75, 11], "texture": "#0"},
				"west": {"uv": [11.25, 3, 12, 3.25], "texture": "#0"},
				"up": {"uv": [11.5, 4, 10.5, 3.25], "texture": "#0"},
				"down": {"uv": [11.5, 4, 10.5, 4.75], "texture": "#0"}
			}
		},
		{
			"from": [6.5, 3.75, -3.65],
			"to": [9.5, 8.75, -2.9],
			"rotation": {"angle": 22.5, "axis": "x", "origin": [9, 6.75, -4.15]},
			"faces": {
				"north": {"uv": [10.5, 0.75, 11.25, 2], "texture": "#0"},
				"east": {"uv": [6.25, 10.25, 6.5, 11.5], "texture": "#0"},
				"south": {"uv": [10.5, 2, 11.25, 3.25], "texture": "#0"},
				"west": {"uv": [10.5, 9.25, 10.75, 10.5], "texture": "#0"},
				"up": {"uv": [7.25, 11.5, 6.5, 11.25], "texture": "#0"},
				"down": {"uv": [8, 11.25, 7.25, 11.5], "texture": "#0"}
			}
		},
		{
			"from": [12.675, 9.6, 9.5],
			"to": [13.675, 11.1, 10.5],
			"rotation": {"angle": -45, "axis": "x", "origin": [13.675, 10.6, 9.5]},
			"faces": {
				"north": {"uv": [11.25, 9.75, 11.5, 10.25], "texture": "#0"},
				"east": {"uv": [10, 11.25, 10.25, 11.75], "texture": "#0"},
				"south": {"uv": [10.25, 11.25, 10.5, 11.75], "texture": "#0"},
				"west": {"uv": [11.25, 10.25, 11.5, 10.75], "texture": "#0"},
				"up": {"uv": [5, 11, 4.75, 10.75], "texture": "#0"},
				"down": {"uv": [7.5, 11.75, 7.25, 12], "texture": "#0"}
			}
		},
		{
			"from": [12.425, 9.1, 9.75],
			"to": [13.925, 10.1, 11.25],
			"rotation": {"angle": -22.5, "axis": "x", "origin": [13.425, 10.1, 9.75]},
			"faces": {
				"north": {"uv": [9, 11.25, 9.5, 11.5], "texture": "#0"},
				"east": {"uv": [11.25, 9.25, 11.75, 9.5], "texture": "#0"},
				"south": {"uv": [9.5, 11.25, 10, 11.5], "texture": "#0"},
				"west": {"uv": [11.25, 9.5, 11.75, 9.75], "texture": "#0"},
				"up": {"uv": [7, 10, 6.5, 9.5], "texture": "#0"},
				"down": {"uv": [7, 10.75, 6.5, 11.25], "texture": "#0"}
			}
		},
		{
			"from": [12.425, 12.35, 7.75],
			"to": [13.925, 13.35, 9.25],
			"rotation": {"angle": 22.5, "axis": "x", "origin": [13.425, 13.35, 7.75]},
			"faces": {
				"north": {"uv": [10.75, 11.25, 11.25, 11.5], "texture": "#0"},
				"east": {"uv": [11.25, 10.75, 11.75, 11], "texture": "#0"},
				"south": {"uv": [11.25, 11, 11.75, 11.25], "texture": "#0"},
				"west": {"uv": [11.25, 11.25, 11.75, 11.5], "texture": "#0"},
				"up": {"uv": [7.5, 11.25, 7, 10.75], "texture": "#0"},
				"down": {"uv": [8, 10.75, 7.5, 11.25], "texture": "#0"}
			}
		},
		{
			"from": [12.675, 10.85, 7.5],
			"to": [13.675, 12.35, 8.5],
			"rotation": {"angle": 0, "axis": "y", "origin": [13.675, 11.35, 8.5]},
			"faces": {
				"north": {"uv": [0, 11.5, 0.25, 12], "texture": "#0"},
				"east": {"uv": [0.25, 11.5, 0.5, 12], "texture": "#0"},
				"south": {"uv": [0.5, 11.5, 0.75, 12], "texture": "#0"},
				"west": {"uv": [0.75, 11.5, 1, 12], "texture": "#0"},
				"up": {"uv": [12, 8, 11.75, 7.75], "texture": "#0"},
				"down": {"uv": [12, 8, 11.75, 8.25], "texture": "#0"}
			}
		},
		{
			"from": [12.675, 10.35, 5],
			"to": [13.675, 11.85, 6],
			"rotation": {"angle": 22.5, "axis": "z", "origin": [13.675, 10.85, 6]},
			"faces": {
				"north": {"uv": [1, 11.5, 1.25, 12], "texture": "#0"},
				"east": {"uv": [1.25, 11.5, 1.5, 12], "texture": "#0"},
				"south": {"uv": [1.5, 11.5, 1.75, 12], "texture": "#0"},
				"west": {"uv": [1.75, 11.5, 2, 12], "texture": "#0"},
				"up": {"uv": [12, 8.5, 11.75, 8.25], "texture": "#0"},
				"down": {"uv": [9, 11.75, 8.75, 12], "texture": "#0"}
			}
		},
		{
			"from": [12.425, 9.6, 4.75],
			"to": [13.925, 10.6, 6.25],
			"rotation": {"angle": 0, "axis": "y", "origin": [13.425, 10.6, 4.75]},
			"faces": {
				"north": {"uv": [2, 11.5, 2.5, 11.75], "texture": "#0"},
				"east": {"uv": [2.75, 11.5, 3.25, 11.75], "texture": "#0"},
				"south": {"uv": [3.25, 11.5, 3.75, 11.75], "texture": "#0"},
				"west": {"uv": [11.5, 3.25, 12, 3.5], "texture": "#0"},
				"up": {"uv": [8.5, 11.25, 8, 10.75], "texture": "#0"},
				"down": {"uv": [9, 10.75, 8.5, 11.25], "texture": "#0"}
			}
		},
		{
			"from": [11.425, 10.225, 2.25],
			"to": [12.425, 11.725, 3.25],
			"rotation": {"angle": 0, "axis": "y", "origin": [12.425, 10.725, 3.25]},
			"faces": {
				"north": {"uv": [5, 11.5, 5.25, 12], "texture": "#0"},
				"east": {"uv": [5.25, 11.5, 5.5, 12], "texture": "#0"},
				"south": {"uv": [5.5, 11.5, 5.75, 12], "texture": "#0"},
				"west": {"uv": [5.75, 11.5, 6, 12], "texture": "#0"},
				"up": {"uv": [12, 9.25, 11.75, 9], "texture": "#0"},
				"down": {"uv": [9.5, 11.75, 9.25, 12], "texture": "#0"}
			}
		},
		{
			"from": [11.175, 9.6, 2],
			"to": [12.675, 10.6, 3.5],
			"rotation": {"angle": 22.5, "axis": "z", "origin": [12.175, 10.6, 2]},
			"faces": {
				"north": {"uv": [6, 11.5, 6.5, 11.75], "texture": "#0"},
				"east": {"uv": [6.5, 11.5, 7, 11.75], "texture": "#0"},
				"south": {"uv": [11.5, 6.75, 12, 7], "texture": "#0"},
				"west": {"uv": [7, 11.5, 7.5, 11.75], "texture": "#0"},
				"up": {"uv": [10, 11.25, 9.5, 10.75], "texture": "#0"},
				"down": {"uv": [11.25, 9.75, 10.75, 10.25], "texture": "#0"}
			}
		},
		{
			"from": [11.675, 13.6, 4.5],
			"to": [13.175, 14.6, 6],
			"rotation": {"angle": 22.5, "axis": "x", "origin": [12.675, 14.6, 4.5]},
			"faces": {
				"north": {"uv": [11.5, 3.5, 12, 3.75], "texture": "#0"},
				"east": {"uv": [3.75, 11.5, 4.25, 11.75], "texture": "#0"},
				"south": {"uv": [11.5, 3.75, 12, 4], "texture": "#0"},
				"west": {"uv": [11.5, 4, 12, 4.25], "texture": "#0"},
				"up": {"uv": [9.5, 11.25, 9, 10.75], "texture": "#0"},
				"down": {"uv": [11.25, 9.25, 10.75, 9.75], "texture": "#0"}
			}
		},
		{
			"from": [12.05, 12.625, 4.5],
			"to": [13.05, 14.125, 5.5],
			"rotation": {"angle": -22.5, "axis": "x", "origin": [13.05, 13.125, 5.5]},
			"faces": {
				"north": {"uv": [4.25, 11.5, 4.5, 12], "texture": "#0"},
				"east": {"uv": [11.5, 4.25, 11.75, 4.75], "texture": "#0"},
				"south": {"uv": [4.5, 11.5, 4.75, 12], "texture": "#0"},
				"west": {"uv": [4.75, 11.5, 5, 12], "texture": "#0"},
				"up": {"uv": [12, 9, 11.75, 8.75], "texture": "#0"},
				"down": {"uv": [9.25, 11.75, 9, 12], "texture": "#0"}
			}
		},
		{
			"from": [9.675, 13.6, 2.5],
			"to": [11.175, 15.6, 4],
			"rotation": {"angle": 0, "axis": "y", "origin": [10.675, 14.6, 2.5]},
			"faces": {
				"north": {"uv": [10, 10.75, 10.5, 11.25], "texture": "#0"},
				"east": {"uv": [10.75, 10.25, 11.25, 10.75], "texture": "#0"},
				"south": {"uv": [10.75, 10.75, 11.25, 11.25], "texture": "#0"},
				"west": {"uv": [0, 11, 0.5, 11.5], "texture": "#0"},
				"up": {"uv": [1, 11.5, 0.5, 11], "texture": "#0"},
				"down": {"uv": [1.5, 11, 1, 11.5], "texture": "#0"}
			}
		},
		{
			"from": [9.95, 12.675, 2.875],
			"to": [10.95, 14.175, 3.875],
			"rotation": {"angle": -22.5, "axis": "x", "origin": [10.95, 13.175, 3.875]},
			"faces": {
				"north": {"uv": [11.5, 7, 11.75, 7.5], "texture": "#0"},
				"east": {"uv": [7.5, 11.5, 7.75, 12], "texture": "#0"},
				"south": {"uv": [11.5, 7.5, 11.75, 8], "texture": "#0"},
				"west": {"uv": [7.75, 11.5, 8, 12], "texture": "#0"},
				"up": {"uv": [12, 9.5, 11.75, 9.25], "texture": "#0"},
				"down": {"uv": [9.75, 11.75, 9.5, 12], "texture": "#0"}
			}
		},
		{
			"from": [5.925, 14.125, 2.55],
			"to": [7.425, 16.125, 4.05],
			"rotation": {"angle": 22.5, "axis": "x", "origin": [6.925, 15.125, 2.55]},
			"faces": {
				"north": {"uv": [1.5, 11, 2, 11.5], "texture": "#0"},
				"east": {"uv": [2, 11, 2.5, 11.5], "texture": "#0"},
				"south": {"uv": [2.75, 11, 3.25, 11.5], "texture": "#0"},
				"west": {"uv": [3.25, 11, 3.75, 11.5], "texture": "#0"},
				"up": {"uv": [4.25, 11.5, 3.75, 11], "texture": "#0"},
				"down": {"uv": [4.75, 11, 4.25, 11.5], "texture": "#0"}
			}
		},
		{
			"from": [6.025, 12.725, 2.225],
			"to": [7.025, 14.225, 3.225],
			"rotation": {"angle": 0, "axis": "y", "origin": [7.025, 13.225, 3.225]},
			"faces": {
				"north": {"uv": [8, 11.5, 8.25, 12], "texture": "#0"},
				"east": {"uv": [11.5, 8, 11.75, 8.5], "texture": "#0"},
				"south": {"uv": [8.25, 11.5, 8.5, 12], "texture": "#0"},
				"west": {"uv": [8.5, 11.5, 8.75, 12], "texture": "#0"},
				"up": {"uv": [12, 9.75, 11.75, 9.5], "texture": "#0"},
				"down": {"uv": [10.25, 11.75, 10, 12], "texture": "#0"}
			}
		},
		{
			"from": [2.675, 13.6, 4.5],
			"to": [4.175, 14.6, 6],
			"rotation": {"angle": 22.5, "axis": "x", "origin": [3.675, 14.6, 4.5]},
			"faces": {
				"north": {"uv": [11.5, 8.5, 12, 8.75], "texture": "#0"},
				"east": {"uv": [8.75, 11.5, 9.25, 11.75], "texture": "#0"},
				"south": {"uv": [9.25, 11.5, 9.75, 11.75], "texture": "#0"},
				"west": {"uv": [11.5, 9.75, 12, 10], "texture": "#0"},
				"up": {"uv": [5.25, 11.5, 4.75, 11], "texture": "#0"},
				"down": {"uv": [5.75, 11, 5.25, 11.5], "texture": "#0"}
			}
		},
		{
			"from": [2.95, 11.825, 4.05],
			"to": [3.95, 13.325, 5.05],
			"rotation": {"angle": 22.5, "axis": "x", "origin": [3.95, 12.325, 5.05]},
			"faces": {
				"north": {"uv": [9.75, 11.5, 10, 12], "texture": "#0"},
				"east": {"uv": [11.5, 10, 11.75, 10.5], "texture": "#0"},
				"south": {"uv": [10.5, 11.5, 10.75, 12], "texture": "#0"},
				"west": {"uv": [10.75, 11.5, 11, 12], "texture": "#0"},
				"up": {"uv": [12, 10.25, 11.75, 10], "texture": "#0"},
				"down": {"uv": [10.5, 11.75, 10.25, 12], "texture": "#0"}
			}
		},
		{
			"from": [3.825, 10.075, 2.75],
			"to": [4.825, 11.575, 3.75],
			"rotation": {"angle": -22.5, "axis": "z", "origin": [4.825, 10.575, 3.75]},
			"faces": {
				"north": {"uv": [11, 11.5, 11.25, 12], "texture": "#0"},
				"east": {"uv": [11.25, 11.5, 11.5, 12], "texture": "#0"},
				"south": {"uv": [11.5, 11.5, 11.75, 12], "texture": "#0"},
				"west": {"uv": [11.75, 0, 12, 0.5], "texture": "#0"},
				"up": {"uv": [12, 10.5, 11.75, 10.25], "texture": "#0"},
				"down": {"uv": [12, 10.75, 11.75, 11], "texture": "#0"}
			}
		},
		{
			"from": [3.425, 9.35, 2.5],
			"to": [4.925, 10.35, 4],
			"rotation": {"angle": -22.5, "axis": "z", "origin": [4.425, 10.35, 2.5]},
			"faces": {
				"north": {"uv": [11.5, 10.5, 12, 10.75], "texture": "#0"},
				"east": {"uv": [11.75, 0.5, 12.25, 0.75], "texture": "#0"},
				"south": {"uv": [11.75, 0.75, 12.25, 1], "texture": "#0"},
				"west": {"uv": [11.75, 1, 12.25, 1.25], "texture": "#0"},
				"up": {"uv": [6.25, 11.5, 5.75, 11], "texture": "#0"},
				"down": {"uv": [11.5, 6.75, 11, 7.25], "texture": "#0"}
			}
		},
		{
			"from": [2.425, 12.35, 7.75],
			"to": [3.925, 13.35, 9.25],
			"rotation": {"angle": 22.5, "axis": "x", "origin": [3.425, 13.35, 7.75]},
			"faces": {
				"north": {"uv": [11.75, 2, 12.25, 2.25], "texture": "#0"},
				"east": {"uv": [3.5, 11.75, 4, 12], "texture": "#0"},
				"south": {"uv": [11.75, 4.25, 12.25, 4.5], "texture": "#0"},
				"west": {"uv": [11.75, 4.5, 12.25, 4.75], "texture": "#0"},
				"up": {"uv": [11.5, 8.75, 11, 8.25], "texture": "#0"},
				"down": {"uv": [11.75, 0.75, 11.25, 1.25], "texture": "#0"}
			}
		},
		{
			"from": [2.575, 10.875, 7.6],
			"to": [3.575, 12.375, 8.6],
			"rotation": {"angle": 0, "axis": "y", "origin": [3.575, 11.375, 8.6]},
			"faces": {
				"north": {"uv": [4, 11.75, 4.25, 12.25], "texture": "#0"},
				"east": {"uv": [11.75, 4.75, 12, 5.25], "texture": "#0"},
				"south": {"uv": [11.75, 5.25, 12, 5.75], "texture": "#0"},
				"west": {"uv": [11.75, 5.75, 12, 6.25], "texture": "#0"},
				"up": {"uv": [12, 11.75, 11.75, 11.5], "texture": "#0"},
				"down": {"uv": [12, 11.75, 11.75, 12], "texture": "#0"}
			}
		},
		{
			"from": [2.325, 9.9, 5.9],
			"to": [3.325, 11.4, 6.9],
			"rotation": {"angle": 22.5, "axis": "x", "origin": [3.325, 10.4, 6.9]},
			"faces": {
				"north": {"uv": [2.5, 11.75, 2.75, 12.25], "texture": "#0"},
				"east": {"uv": [2.75, 11.75, 3, 12.25], "texture": "#0"},
				"south": {"uv": [3, 11.75, 3.25, 12.25], "texture": "#0"},
				"west": {"uv": [3.25, 11.75, 3.5, 12.25], "texture": "#0"},
				"up": {"uv": [12, 11.25, 11.75, 11], "texture": "#0"},
				"down": {"uv": [12, 11.25, 11.75, 11.5], "texture": "#0"}
			}
		},
		{
			"from": [2.175, 9.6, 5.75],
			"to": [3.675, 10.6, 7.25],
			"rotation": {"angle": 22.5, "axis": "x", "origin": [3.175, 10.6, 5.75]},
			"faces": {
				"north": {"uv": [11.75, 1.25, 12.25, 1.5], "texture": "#0"},
				"east": {"uv": [11.75, 1.5, 12.25, 1.75], "texture": "#0"},
				"south": {"uv": [11.75, 1.75, 12.25, 2], "texture": "#0"},
				"west": {"uv": [2, 11.75, 2.5, 12], "texture": "#0"},
				"up": {"uv": [11.5, 7.75, 11, 7.25], "texture": "#0"},
				"down": {"uv": [11.5, 7.75, 11, 8.25], "texture": "#0"}
			}
		},
		{
			"from": [2.325, 10.325, 9.75],
			"to": [3.325, 11.825, 10.75],
			"rotation": {"angle": -45, "axis": "x", "origin": [3.325, 10.825, 10.75]},
			"faces": {
				"north": {"uv": [6, 11.75, 6.25, 12.25], "texture": "#0"},
				"east": {"uv": [6.25, 11.75, 6.5, 12.25], "texture": "#0"},
				"south": {"uv": [11.75, 6.25, 12, 6.75], "texture": "#0"},
				"west": {"uv": [6.5, 11.75, 6.75, 12.25], "texture": "#0"},
				"up": {"uv": [0.25, 12.25, 0, 12], "texture": "#0"},
				"down": {"uv": [12.25, 0, 12, 0.25], "texture": "#0"}
			}
		},
		{
			"from": [2.175, 9.1, 9.75],
			"to": [3.675, 10.1, 11.25],
			"rotation": {"angle": -22.5, "axis": "x", "origin": [3.175, 10.1, 9.75]},
			"faces": {
				"north": {"uv": [6.75, 11.75, 7.25, 12], "texture": "#0"},
				"east": {"uv": [11.75, 7, 12.25, 7.25], "texture": "#0"},
				"south": {"uv": [11.75, 7.25, 12.25, 7.5], "texture": "#0"},
				"west": {"uv": [11.75, 7.5, 12.25, 7.75], "texture": "#0"},
				"up": {"uv": [11.75, 1.75, 11.25, 1.25], "texture": "#0"},
				"down": {"uv": [11.75, 1.75, 11.25, 2.25], "texture": "#0"}
			}
		},
		{
			"from": [-0.75, -1, 1.75],
			"to": [1.25, 3, 4.75],
			"rotation": {"angle": 0, "axis": "y", "origin": [-0.75, -1, 1.75]},
			"faces": {
				"north": {"uv": [12.25, 1.25, 12.75, 2.25], "texture": "#0"},
				"east": {"uv": [5, 12, 5.75, 13], "texture": "#0"},
				"south": {"uv": [13, 7, 13.5, 8], "texture": "#0"},
				"west": {"uv": [12, 6, 12.75, 7], "texture": "#0"},
				"up": {"uv": [1.5, 14, 1, 13.25], "texture": "#0"},
				"down": {"uv": [13.75, 1, 13.25, 1.75], "texture": "#0"}
			}
		},
		{
			"from": [14.5, -1, 0.75],
			"to": [16.5, 2, 2.75],
			"rotation": {"angle": 0, "axis": "y", "origin": [14.5, -1, 0.75]},
			"faces": {
				"north": {"uv": [1.5, 13.25, 2, 14], "texture": "#0"},
				"east": {"uv": [13.25, 1.75, 13.75, 2.5], "texture": "#0"},
				"south": {"uv": [2, 13.25, 2.5, 14], "texture": "#0"},
				"west": {"uv": [13.25, 2.5, 13.75, 3.25], "texture": "#0"},
				"up": {"uv": [13, 13.75, 12.5, 13.25], "texture": "#0"},
				"down": {"uv": [3, 13.5, 2.5, 14], "texture": "#0"}
			}
		},
		{
			"from": [15, -2.5, 6.25],
			"to": [17, 2.5, 9.25],
			"rotation": {"angle": -22.5, "axis": "x", "origin": [15, -2.5, 6.25]},
			"faces": {
				"north": {"uv": [3.5, 12, 4, 13.25], "texture": "#0"},
				"east": {"uv": [0.25, 12, 1, 13.25], "texture": "#0"},
				"south": {"uv": [12, 7.75, 12.5, 9], "texture": "#0"},
				"west": {"uv": [1, 12, 1.75, 13.25], "texture": "#0"},
				"up": {"uv": [13.75, 4, 13.25, 3.25], "texture": "#0"},
				"down": {"uv": [4, 13.25, 3.5, 14], "texture": "#0"}
			}
		},
		{
			"from": [14.75, -1, 11],
			"to": [16.75, 3, 14],
			"rotation": {"angle": 0, "axis": "y", "origin": [14.75, -1, 11]},
			"faces": {
				"north": {"uv": [7.5, 13, 8, 14], "texture": "#0"},
				"east": {"uv": [6.75, 12, 7.5, 13], "texture": "#0"},
				"south": {"uv": [13, 8, 13.5, 9], "texture": "#0"},
				"west": {"uv": [7.5, 12, 8.25, 13], "texture": "#0"},
				"up": {"uv": [4.5, 14, 4, 13.25], "texture": "#0"},
				"down": {"uv": [13.75, 4, 13.25, 4.75], "texture": "#0"}
			}
		},
		{
			"from": [15, -4.5, 12.75],
			"to": [16.5, -0.5, 14.75],
			"rotation": {"angle": -22.5, "axis": "x", "origin": [15, -4.5, 12.75]},
			"faces": {
				"north": {"uv": [13, 9, 13.5, 10], "texture": "#0"},
				"east": {"uv": [13, 10, 13.5, 11], "texture": "#0"},
				"south": {"uv": [13, 11, 13.5, 12], "texture": "#0"},
				"west": {"uv": [13, 12, 13.5, 13], "texture": "#0"},
				"up": {"uv": [3.5, 14, 3, 13.5], "texture": "#0"},
				"down": {"uv": [6.25, 13.5, 5.75, 14], "texture": "#0"}
			}
		},
		{
			"from": [-0.25, -8, 2],
			"to": [0.75, -4, 3.25],
			"rotation": {"angle": 22.5, "axis": "x", "origin": [-0.25, -8, 2]},
			"faces": {
				"north": {"uv": [0, 12.25, 0.25, 13.25], "texture": "#0"},
				"east": {"uv": [4, 12.25, 4.25, 13.25], "texture": "#0"},
				"south": {"uv": [13.5, 6, 13.75, 7], "texture": "#0"},
				"west": {"uv": [6.25, 13.5, 6.5, 14.5], "texture": "#0"},
				"up": {"uv": [12.25, 0.5, 12, 0.25], "texture": "#0"},
				"down": {"uv": [6, 12, 5.75, 12.25], "texture": "#0"}
			}
		},
		{
			"from": [-0.25, -5.5, 7.75],
			"to": [0.75, -1.5, 9],
			"rotation": {"angle": -22.5, "axis": "x", "origin": [-0.25, -5.5, 7.75]},
			"faces": {
				"north": {"uv": [6.5, 13.5, 6.75, 14.5], "texture": "#0"},
				"east": {"uv": [13.5, 7, 13.75, 8], "texture": "#0"},
				"south": {"uv": [13.5, 8, 13.75, 9], "texture": "#0"},
				"west": {"uv": [13.5, 9, 13.75, 10], "texture": "#0"},
				"up": {"uv": [8.25, 13.25, 8, 13], "texture": "#0"},
				"down": {"uv": [13.5, 6, 13.25, 6.25], "texture": "#0"}
			}
		},
		{
			"from": [-0.5, -9.75, 15],
			"to": [0.5, -6.75, 16.25],
			"rotation": {"angle": -45, "axis": "x", "origin": [-0.5, -9.75, 15]},
			"faces": {
				"north": {"uv": [12, 3.5, 12.25, 4.25], "texture": "#0"},
				"east": {"uv": [11.75, 12, 12, 12.75], "texture": "#0"},
				"south": {"uv": [12.25, 7, 12.5, 7.75], "texture": "#0"},
				"west": {"uv": [13.75, 3, 14, 3.75], "texture": "#0"},
				"up": {"uv": [14, 5.5, 13.75, 5.25], "texture": "#0"},
				"down": {"uv": [14, 9.75, 13.75, 10], "texture": "#0"}
			}
		},
		{
			"from": [-0.75, -8, 12.5],
			"to": [0.75, -3, 14.5],
			"rotation": {"angle": -22.5, "axis": "x", "origin": [-0.75, -8, 12.5]},
			"faces": {
				"north": {"uv": [8.25, 12, 8.75, 13.25], "texture": "#0"},
				"east": {"uv": [8.75, 12, 9.25, 13.25], "texture": "#0"},
				"south": {"uv": [12, 9, 12.5, 10.25], "texture": "#0"},
				"west": {"uv": [9.25, 12, 9.75, 13.25], "texture": "#0"},
				"up": {"uv": [14, 10.5, 13.5, 10], "texture": "#0"},
				"down": {"uv": [14, 10.5, 13.5, 11], "texture": "#0"}
			}
		},
		{
			"from": [-0.5, -5.5, 4],
			"to": [1, -0.5, 6],
			"rotation": {"angle": -22.5, "axis": "x", "origin": [-0.5, -5.5, 4]},
			"faces": {
				"north": {"uv": [9.75, 12, 10.25, 13.25], "texture": "#0"},
				"east": {"uv": [10.25, 12, 10.75, 13.25], "texture": "#0"},
				"south": {"uv": [12, 10.25, 12.5, 11.5], "texture": "#0"},
				"west": {"uv": [10.75, 12, 11.25, 13.25], "texture": "#0"},
				"up": {"uv": [14, 11.5, 13.5, 11], "texture": "#0"},
				"down": {"uv": [14, 11.5, 13.5, 12], "texture": "#0"}
			}
		},
		{
			"from": [15.25, -5.25, 4.5],
			"to": [16.75, -0.25, 6.5],
			"rotation": {"angle": 22.5, "axis": "x", "origin": [15.25, -5.25, 4.5]},
			"faces": {
				"north": {"uv": [11.25, 12, 11.75, 13.25], "texture": "#0"},
				"east": {"uv": [12, 11.5, 12.5, 12.75], "texture": "#0"},
				"south": {"uv": [12.25, 0, 12.75, 1.25], "texture": "#0"},
				"west": {"uv": [2.5, 12.25, 3, 13.5], "texture": "#0"},
				"up": {"uv": [14, 12.5, 13.5, 12], "texture": "#0"},
				"down": {"uv": [14, 12.5, 13.5, 13], "texture": "#0"}
			}
		},
		{
			"from": [15.5, -8.25, 5],
			"to": [16.5, -5.25, 6.25],
			"rotation": {"angle": 0, "axis": "x", "origin": [15.5, -8.25, 5]},
			"faces": {
				"north": {"uv": [13.75, 3.75, 14, 4.5], "texture": "#0"},
				"east": {"uv": [13.75, 4.5, 14, 5.25], "texture": "#0"},
				"south": {"uv": [13.75, 6, 14, 6.75], "texture": "#0"},
				"west": {"uv": [6.75, 13.75, 7, 14.5], "texture": "#0"},
				"up": {"uv": [13, 14, 12.75, 13.75], "texture": "#0"},
				"down": {"uv": [1.25, 14, 1, 14.25], "texture": "#0"}
			}
		},
		{
			"from": [15, -3.25, 2],
			"to": [16, -0.25, 3.25],
			"rotation": {"angle": -22.5, "axis": "x", "origin": [15, -3.25, 2]},
			"faces": {
				"north": {"uv": [13.75, 6.75, 14, 7.5], "texture": "#0"},
				"east": {"uv": [7, 13.75, 7.25, 14.5], "texture": "#0"},
				"south": {"uv": [7.25, 13.75, 7.5, 14.5], "texture": "#0"},
				"west": {"uv": [13.75, 7.5, 14, 8.25], "texture": "#0"},
				"up": {"uv": [1.5, 14.25, 1.25, 14], "texture": "#0"},
				"down": {"uv": [1.75, 14, 1.5, 14.25], "texture": "#0"}
			}
		},
		{
			"from": [15.25, -6, 12],
			"to": [16.25, -3, 13.25],
			"rotation": {"angle": 22.5, "axis": "x", "origin": [15.25, -6, 12]},
			"faces": {
				"north": {"uv": [8, 13.75, 8.25, 14.5], "texture": "#0"},
				"east": {"uv": [8.25, 13.75, 8.5, 14.5], "texture": "#0"},
				"south": {"uv": [13.75, 8.25, 14, 9], "texture": "#0"},
				"west": {"uv": [8.5, 13.75, 8.75, 14.5], "texture": "#0"},
				"up": {"uv": [2, 14.25, 1.75, 14], "texture": "#0"},
				"down": {"uv": [2.25, 14, 2, 14.25], "texture": "#0"}
			}
		},
		{
			"from": [-0.5, -2, 6],
			"to": [1.5, 2, 8],
			"rotation": {"angle": 0, "axis": "y", "origin": [-0.5, -2, 6]},
			"faces": {
				"north": {"uv": [13, 13, 13.5, 14], "texture": "#0"},
				"east": {"uv": [0, 13.25, 0.5, 14.25], "texture": "#0"},
				"south": {"uv": [13.25, 0, 13.75, 1], "texture": "#0"},
				"west": {"uv": [0.5, 13.25, 1, 14.25], "texture": "#0"},
				"up": {"uv": [14, 13.5, 13.5, 13], "texture": "#0"},
				"down": {"uv": [14, 13.5, 13.5, 14], "texture": "#0"}
			}
		},
		{
			"from": [-1, -3.5, 10],
			"to": [1, 1.5, 13],
			"rotation": {"angle": 0, "axis": "y", "origin": [-1, -3.5, 10]},
			"faces": {
				"north": {"uv": [3, 12.25, 3.5, 13.5], "texture": "#0"},
				"east": {"uv": [1.75, 12, 2.5, 13.25], "texture": "#0"},
				"south": {"uv": [12.25, 3.5, 12.75, 4.75], "texture": "#0"},
				"west": {"uv": [12, 2.25, 12.75, 3.5], "texture": "#0"},
				"up": {"uv": [5, 14, 4.5, 13.25], "texture": "#0"},
				"down": {"uv": [13.75, 4.75, 13.25, 5.5], "texture": "#0"}
			}
		},
		{
			"from": [3.75, -9.75, 15.25],
			"to": [5, -6.75, 16.25],
			"rotation": {"angle": 22.5, "axis": "z", "origin": [3.75, -9.75, 16.25]},
			"faces": {
				"north": {"uv": [13.75, 9, 14, 9.75], "texture": "#0"},
				"east": {"uv": [9.75, 13.75, 10, 14.5], "texture": "#0"},
				"south": {"uv": [10, 13.75, 10.25, 14.5], "texture": "#0"},
				"west": {"uv": [10.25, 13.75, 10.5, 14.5], "texture": "#0"},
				"up": {"uv": [2.5, 14.25, 2.25, 14], "texture": "#0"},
				"down": {"uv": [2.75, 14, 2.5, 14.25], "texture": "#0"}
			}
		},
		{
			"from": [2.25, -7, 15],
			"to": [4.25, -2, 16.5],
			"rotation": {"angle": 0, "axis": "z", "origin": [2.25, -7, 16.5]},
			"faces": {
				"north": {"uv": [5.75, 12.25, 6.25, 13.5], "texture": "#0"},
				"east": {"uv": [6.25, 12.25, 6.75, 13.5], "texture": "#0"},
				"south": {"uv": [12.5, 7, 13, 8.25], "texture": "#0"},
				"west": {"uv": [12.5, 8.25, 13, 9.5], "texture": "#0"},
				"up": {"uv": [14.25, 0.5, 13.75, 0], "texture": "#0"},
				"down": {"uv": [14.25, 0.5, 13.75, 1], "texture": "#0"}
			}
		},
		{
			"from": [13.5, -7.75, 15.25],
			"to": [14.75, -2.75, 16.25],
			"rotation": {"angle": 0, "axis": "z", "origin": [13.5, -7.75, 16.25]},
			"faces": {
				"north": {"uv": [12.25, 12.75, 12.5, 14], "texture": "#0"},
				"east": {"uv": [5.5, 13, 5.75, 14.25], "texture": "#0"},
				"south": {"uv": [11.25, 13.25, 11.5, 14.5], "texture": "#0"},
				"west": {"uv": [11.5, 13.25, 11.75, 14.5], "texture": "#0"},
				"up": {"uv": [3, 14.25, 2.75, 14], "texture": "#0"},
				"down": {"uv": [3.25, 14, 3, 14.25], "texture": "#0"}
			}
		},
		{
			"from": [13.25, -4, 15],
			"to": [15.25, 1, 16.5],
			"rotation": {"angle": 22.5, "axis": "z", "origin": [13.25, -4, 16.5]},
			"faces": {
				"north": {"uv": [12.5, 9.5, 13, 10.75], "texture": "#0"},
				"east": {"uv": [12.5, 10.75, 13, 12], "texture": "#0"},
				"south": {"uv": [12.5, 12, 13, 13.25], "texture": "#0"},
				"west": {"uv": [12.75, 0, 13.25, 1.25], "texture": "#0"},
				"up": {"uv": [14.25, 1.5, 13.75, 1], "texture": "#0"},
				"down": {"uv": [14.25, 1.5, 13.75, 2], "texture": "#0"}
			}
		},
		{
			"from": [2, -3.5, 15],
			"to": [5, 1.5, 17],
			"rotation": {"angle": 0, "axis": "y", "origin": [2, -3.5, 17]},
			"faces": {
				"north": {"uv": [4.25, 12, 5, 13.25], "texture": "#0"},
				"east": {"uv": [12.75, 1.25, 13.25, 2.5], "texture": "#0"},
				"south": {"uv": [12, 4.75, 12.75, 6], "texture": "#0"},
				"west": {"uv": [12.75, 2.5, 13.25, 3.75], "texture": "#0"},
				"up": {"uv": [14, 6, 13.25, 5.5], "texture": "#0"},
				"down": {"uv": [8.75, 13.25, 8, 13.75], "texture": "#0"}
			}
		},
		{
			"from": [6.5, -6.75, 15.25],
			"to": [7.75, -3.75, 16.25],
			"rotation": {"angle": 0, "axis": "y", "origin": [6.5, -6.75, 16.25]},
			"faces": {
				"north": {"uv": [10.5, 13.75, 10.75, 14.5], "texture": "#0"},
				"east": {"uv": [10.75, 13.75, 11, 14.5], "texture": "#0"},
				"south": {"uv": [11, 13.75, 11.25, 14.5], "texture": "#0"},
				"west": {"uv": [12.5, 13.75, 12.75, 14.5], "texture": "#0"},
				"up": {"uv": [14.25, 3.25, 14, 3], "texture": "#0"},
				"down": {"uv": [3.5, 14, 3.25, 14.25], "texture": "#0"}
			}
		},
		{
			"from": [6.25, -4, 15],
			"to": [8.25, 1, 16.5],
			"rotation": {"angle": -22.5, "axis": "z", "origin": [6.25, -4, 16.5]},
			"faces": {
				"north": {"uv": [12.75, 3.75, 13.25, 5], "texture": "#0"},
				"east": {"uv": [12.75, 5, 13.25, 6.25], "texture": "#0"},
				"south": {"uv": [11.75, 12.75, 12.25, 14], "texture": "#0"},
				"west": {"uv": [5, 13, 5.5, 14.25], "texture": "#0"},
				"up": {"uv": [14.25, 2.5, 13.75, 2], "texture": "#0"},
				"down": {"uv": [14.25, 2.5, 13.75, 3], "texture": "#0"}
			}
		},
		{
			"from": [7, -1.5, 15],
			"to": [10, 1.5, 17],
			"rotation": {"angle": 0, "axis": "y", "origin": [7, -1.5, 17]},
			"faces": {
				"north": {"uv": [12.75, 6.25, 13.5, 7], "texture": "#0"},
				"east": {"uv": [8.75, 13.25, 9.25, 14], "texture": "#0"},
				"south": {"uv": [6.75, 13, 7.5, 13.75], "texture": "#0"},
				"west": {"uv": [9.25, 13.25, 9.75, 14], "texture": "#0"},
				"up": {"uv": [10.5, 13.75, 9.75, 13.25], "texture": "#0"},
				"down": {"uv": [11.25, 13.25, 10.5, 13.75], "texture": "#0"}
			}
		}
	],
	"display": {
		"thirdperson_righthand": {
			"translation": [0, 1.5, 0],
			"scale": [0.34, 0.34, 0.34]
		},
		"thirdperson_lefthand": {
			"translation": [0, 1.5, 0],
			"scale": [0.34, 0.34, 0.34]
		},
		"firstperson_righthand": {
			"rotation": [0, 118, 0],
			"translation": [0, 4, 0],
			"scale": [0.37, 0.37, 0.37]
		},
		"firstperson_lefthand": {
			"rotation": [0, 118, 0],
			"translation": [0, 4, 0],
			"scale": [0.37, 0.37, 0.37]
		},
		"ground": {
			"translation": [0, 4.25, 0],
			"scale": [0.35, 0.35, 0.35]
		},
		"gui": {
			"rotation": [32, -142, 0],
			"translation": [0, 1, 0],
			"scale": [0.46, 0.46, 0.46]
		},
		"head": {
			"translation": [0, 14, 0]
		},
		"fixed": {
			"rotation": [-90, 0, 0],
			"translation": [0, 0, -17.5],
			"scale": [2.41, 2.41, 2.41]
		}
	},
	"groups": [
		{
			"name": "chest",
			"origin": [7, 10, 15],
			"color": 0,
			"children": [0, 1, 2]
		},
		{
			"name": "tongue",
			"origin": [9, 6.75, -4.15],
			"color": 0,
			"children": [3, 4, 5, 6, 7]
		},
		{
			"name": "tooth",
			"origin": [3.175, 10.1, 9.75],
			"color": 0,
			"children": [8, 9, 10, 11, 12, 13, 14, 15, 16, 17, 18, 19, 20, 21, 22, 23, 24, 25, 26, 27, 28, 29, 30, 31]
		},
		{
			"name": "tentacles",
			"origin": [7, -1.5, 17],
			"color": 0,
			"children": [32, 33, 34, 35, 36, 37, 38, 39, 40, 41, 42, 43, 44, 45, 46, 47, 48, 49, 50, 51, 52, 53, 54, 55]
		}
	]
}