{
	"credit": "Made with Blockbench",
	"texture_size": [64, 64],
	"textures": {
		"2": "item/pepeland/carved_pumpkin/part_2/warm_sad/warm_sad",
		"particle": "item/pepeland/carved_pumpkin/part_2/warm_sad/warm_sad"
	},
	"elements": [
		{
			"from": [3, 0, 4],
			"to": [13, 8, 12],
			"faces": {
				"north": {"uv": [0, 0, 2.5, 2], "texture": "#2"},
				"east": {"uv": [0, 4.5, 2, 6.5], "texture": "#2"},
				"south": {"uv": [0, 2.25, 2.5, 4.25], "texture": "#2"},
				"west": {"uv": [2.25, 4.5, 4.25, 6.5], "texture": "#2"},
				"up": {"uv": [5.25, 2, 2.75, 0], "texture": "#2"},
				"down": {"uv": [5.25, 2.25, 2.75, 4.25], "texture": "#2"}
			}
		},
		{
			"from": [3, 6.1, 3.9],
			"to": [12.8, 7.9, 3.7],
			"faces": {
				"north": {"uv": [7.75, 0, 10.25, 0.5], "texture": "#2"},
				"east": {"uv": [9.25, 8, 9.25, 8.5], "texture": "#2"},
				"south": {"uv": [7.75, 2.25, 10.25, 2.75], "texture": "#2"},
				"west": {"uv": [9.25, 8.75, 9.25, 9.25], "texture": "#2"},
				"up": {"uv": [12, 4.5, 9.5, 4.5], "texture": "#2"},
				"down": {"uv": [12, 4.75, 9.5, 4.75], "texture": "#2"}
			}
		},
		{
			"from": [2.75, -0.25, 3.75],
			"to": [13.25, 6.25, 6.25],
			"faces": {
				"north": {"uv": [6.75, 4.5, 9.25, 6], "texture": "#2"},
				"east": {"uv": [1.25, 9, 1.75, 10.5], "texture": "#2"},
				"south": {"uv": [6.75, 6.25, 9.25, 7.75], "texture": "#2"},
				"west": {"uv": [2, 9, 2.5, 10.5], "texture": "#2"},
				"up": {"uv": [10.25, 0.5, 7.75, 0], "texture": "#2"},
				"down": {"uv": [10.25, 0.75, 7.75, 1.25], "texture": "#2"}
			}
		},
		{
			"from": [11.99, 7.99, 11.99],
			"to": [4.01, 0.01, 4.01],
			"faces": {
				"north": {"uv": [4.5, 4.5, 6.5, 6.5], "texture": "#2"},
				"east": {"uv": [5.5, 0, 7.5, 2], "texture": "#2"},
				"south": {"uv": [5.5, 2.25, 7.5, 4.25], "texture": "#2"},
				"west": {"uv": [0, 6.75, 2, 8.75], "texture": "#2"},
				"up": {"uv": [4.25, 8.75, 2.25, 6.75], "texture": "#2"},
				"down": {"uv": [6.5, 6.75, 4.5, 8.75], "texture": "#2"}
			}
		},
		{
			"from": [9, 7.99, 4],
			"to": [13, 9.99, 7],
			"faces": {
				"north": {"uv": [2.75, 9, 3.75, 9.5], "texture": "#2"},
				"east": {"uv": [5.25, 9, 6, 9.5], "texture": "#2"},
				"south": {"uv": [9, 3, 10, 3.5], "texture": "#2"},
				"west": {"uv": [6.25, 9, 7, 9.5], "texture": "#2"},
				"up": {"uv": [8.75, 3.75, 7.75, 3], "texture": "#2"},
				"down": {"uv": [7.75, 8, 6.75, 8.75], "texture": "#2"}
			}
		},
		{
			"from": [3, 7.99, 4],
			"to": [7, 9.99, 7],
			"faces": {
				"north": {"uv": [9, 3.75, 10, 4.25], "texture": "#2"},
				"east": {"uv": [7.25, 9, 8, 9.5], "texture": "#2"},
				"south": {"uv": [4, 9, 5, 9.5], "texture": "#2"},
				"west": {"uv": [8.25, 9, 9, 9.5], "texture": "#2"},
				"up": {"uv": [9, 8.75, 8, 8], "texture": "#2"},
				"down": {"uv": [1, 9, 0, 9.75], "texture": "#2"}
			}
		}
	],
	"display": {
		"thirdperson_righthand": {
			"translation": [0, 2.5, 0],
			"scale": [0.41, 0.41, 0.41]
		},
		"thirdperson_lefthand": {
			"translation": [0, 2.5, 0],
			"scale": [0.41, 0.41, 0.41]
		},
		"firstperson_righthand": {
			"rotation": [0, 124, 0],
			"translation": [0, 6.5, 0],
			"scale": [0.69, 0.69, 0.69]
		},
		"firstperson_lefthand": {
			"rotation": [0, 124, 0],
			"translation": [0, 6.5, 0],
			"scale": [0.69, 0.69, 0.69]
		},
		"ground": {
			"translation": [0, 3, 0],
			"scale": [0.47, 0.47, 0.47]
		},
		"gui": {
			"rotation": [30, -130, 0],
			"translation": [0, 3.25, 0]
		},
		"head": {
			"translation": [0, 8, -0.25],
			"scale": [1.87, 1.88, 2.09]
		},
		"fixed": {
			"translation": [0, 3.25, 0]
		}
	},
	"groups": [
		{
			"name": "group",
			"origin": [0, 0, 0],
			"color": 0,
			"children": [0, 1, 2, 3, 4, 5]
		}
	]
}