{
	"credit": "Made with Blockbench",
	"texture_size": [32, 32],
	"textures": {
		"2": "item/pepeland/carved_pumpkin/part_1/gneg_ny/gneg_ny"
	},
	"elements": [
		{
			"from": [5, 0, 5],
			"to": [11, 1, 11],
			"faces": {
				"north": {"uv": [6, 4.25, 7.5, 4.5], "texture": "#2"},
				"east": {"uv": [6, 4.5, 7.5, 4.75], "texture": "#2"},
				"south": {"uv": [6, 5, 7.5, 5.25], "texture": "#2"},
				"west": {"uv": [6, 6, 7.5, 6.25], "texture": "#2"},
				"up": {"uv": [3, 9, 0, 6], "texture": "#2"},
				"down": {"uv": [4.5, 9, 3, 10.5], "texture": "#2"}
			}
		},
		{
			"from": [5, 10, 5],
			"to": [11, 11, 11],
			"faces": {
				"north": {"uv": [0, 5.5, 1.5, 5.75], "texture": "#2"},
				"east": {"uv": [3.5, 5.5, 5, 5.75], "texture": "#2"},
				"south": {"uv": [4.25, 0.25, 5.75, 0.5], "texture": "#2"},
				"west": {"uv": [0, 5.75, 1.5, 6], "texture": "#2"},
				"up": {"uv": [1.5, 7.5, 0, 6], "texture": "#2"},
				"down": {"uv": [3.5, 4.5, 2, 6], "texture": "#2"}
			}
		},
		{
			"from": [6.5, 6, 3],
			"to": [9.5, 8, 4],
			"faces": {
				"north": {"uv": [6.5, 9, 8, 10], "texture": "#2"},
				"east": {"uv": [8, 8, 8.5, 9], "texture": "#2"},
				"south": {"uv": [3.5, 4.5, 5, 5.5], "texture": "#2"},
				"west": {"uv": [8.5, 8, 9, 9], "texture": "#2"},
				"up": {"uv": [8, 9, 6.5, 8.5], "texture": "#2"},
				"down": {"uv": [8, 8, 6.5, 8.5], "texture": "#2"}
			}
		},
		{
			"from": [10, 11, 7],
			"to": [11, 12, 9],
			"faces": {
				"north": {"uv": [7, 2.5, 7.5, 3], "texture": "#2"},
				"east": {"uv": [6.5, 6.5, 7.5, 7], "texture": "#2"},
				"south": {"uv": [3, 7, 3.5, 7.5], "texture": "#2"},
				"west": {"uv": [7, 0, 8, 0.5], "texture": "#2"},
				"up": {"uv": [7.5, 1.5, 7, 0.5], "texture": "#2"},
				"down": {"uv": [7.5, 1.5, 7, 2.5], "texture": "#2"}
			}
		},
		{
			"from": [5, 11, 7],
			"to": [6, 12, 9],
			"faces": {
				"north": {"uv": [1.5, 0, 2, 0.5], "texture": "#2"},
				"east": {"uv": [1, 0.5, 2, 1], "texture": "#2"},
				"south": {"uv": [1.5, 5.5, 2, 6], "texture": "#2"},
				"west": {"uv": [3, 6, 4, 6.5], "texture": "#2"},
				"up": {"uv": [4, 5.5, 3.5, 4.5], "texture": "#2"},
				"down": {"uv": [4.5, 6, 4, 7], "texture": "#2"}
			}
		},
		{
			"from": [6, 11, 8],
			"to": [7, 12, 9],
			"faces": {
				"north": {"uv": [7, 3, 7.5, 3.5], "texture": "#2"},
				"east": {"uv": [3.5, 7, 4, 7.5], "texture": "#2"},
				"south": {"uv": [7, 3.5, 7.5, 4], "texture": "#2"},
				"west": {"uv": [4, 7, 4.5, 7.5], "texture": "#2"},
				"up": {"uv": [5, 7.5, 4.5, 7], "texture": "#2"},
				"down": {"uv": [5.5, 7, 5, 7.5], "texture": "#2"}
			}
		},
		{
			"from": [9, 11, 8],
			"to": [10, 12, 9],
			"faces": {
				"north": {"uv": [6.5, 3.5, 7, 4], "texture": "#2"},
				"east": {"uv": [4.5, 6.5, 5, 7], "texture": "#2"},
				"south": {"uv": [5, 6.5, 5.5, 7], "texture": "#2"},
				"west": {"uv": [5.5, 6.5, 6, 7], "texture": "#2"},
				"up": {"uv": [7, 6, 6.5, 5.5], "texture": "#2"},
				"down": {"uv": [6.5, 6.5, 6, 7], "texture": "#2"}
			}
		},
		{
			"from": [10, 12, 8],
			"to": [11, 13, 9],
			"faces": {
				"north": {"uv": [6.5, 1.5, 7, 2], "texture": "#2"},
				"east": {"uv": [6.5, 2, 7, 2.5], "texture": "#2"},
				"south": {"uv": [6.5, 2.5, 7, 3], "texture": "#2"},
				"west": {"uv": [3, 6.5, 3.5, 7], "texture": "#2"},
				"up": {"uv": [7, 3.5, 6.5, 3], "texture": "#2"},
				"down": {"uv": [4, 6.5, 3.5, 7], "texture": "#2"}
			}
		},
		{
			"from": [5, 12, 8],
			"to": [6, 13, 9],
			"faces": {
				"north": {"uv": [4.5, 6, 5, 6.5], "texture": "#2"},
				"east": {"uv": [5, 6, 5.5, 6.5], "texture": "#2"},
				"south": {"uv": [5.5, 6, 6, 6.5], "texture": "#2"},
				"west": {"uv": [6.5, 0, 7, 0.5], "texture": "#2"},
				"up": {"uv": [7, 1, 6.5, 0.5], "texture": "#2"},
				"down": {"uv": [7, 1, 6.5, 1.5], "texture": "#2"}
			}
		},
		{
			"from": [4, 1, 4],
			"to": [12, 10, 12],
			"faces": {
				"north": {"uv": [0.25, 1, 2.25, 3.25], "texture": "#2"},
				"east": {"uv": [2.25, 0, 4.25, 2.25], "texture": "#2"},
				"south": {"uv": [2.25, 2.25, 4.25, 4.5], "texture": "#2"},
				"west": {"uv": [0, 3.25, 2, 5.5], "texture": "#2"},
				"up": {"uv": [6.25, 2, 4.25, 0], "texture": "#2"},
				"down": {"uv": [6.25, 2, 4.25, 4], "texture": "#2"}
			}
		},
		{
			"from": [4, 10, 4],
			"to": [12, 12, 12],
			"faces": {
				"north": {"uv": [0, 15.5, 2, 16], "texture": "#2"},
				"east": {"uv": [6, 15.5, 8, 16], "texture": "#2"},
				"south": {"uv": [4, 15.5, 6, 16], "texture": "#2"},
				"west": {"uv": [2, 15.5, 4, 16], "texture": "#2"},
				"up": {"uv": [0, 13.5, 2, 15.5], "texture": "#2"},
				"down": {"uv": [2, 13.5, 4, 15.5], "texture": "#2"}
			}
		},
		{
			"from": [4.5, 12, -0.5],
			"to": [11.5, 16, 6.5],
			"rotation": {"angle": 22.5, "axis": "x", "origin": [0, 0, 0]},
			"faces": {
				"north": {"uv": [12.5, 15, 14.25, 16], "texture": "#2"},
				"east": {"uv": [14.25, 15, 16, 16], "texture": "#2"},
				"south": {"uv": [9, 15, 10.75, 16], "texture": "#2"},
				"west": {"uv": [10.75, 15, 12.5, 16], "texture": "#2"},
				"up": {"uv": [10.75, 13.25, 12.5, 15], "texture": "#2"},
				"down": {"uv": [12.5, 13.25, 14.25, 15], "texture": "#2"}
			}
		},
		{
			"from": [5.5, 12.5, 5.9],
			"to": [10.5, 15.5, 13.9],
			"faces": {
				"north": {"uv": [14.5, 12.5, 15.75, 13.25], "texture": "#2"},
				"east": {"uv": [12.5, 12.5, 14.5, 13.25], "texture": "#2"},
				"south": {"uv": [11.25, 12.5, 12.5, 13.25], "texture": "#2"},
				"west": {"uv": [9.25, 12.5, 11.25, 13.25], "texture": "#2"},
				"up": {"uv": [12.5, 10.5, 13.75, 12.5], "texture": "#2"},
				"down": {"uv": [11.25, 10.5, 12.5, 12.5], "texture": "#2"}
			}
		},
		{
			"from": [7.5, 8.5, 13.9],
			"to": [8.5, 14.5, 14.9],
			"faces": {
				"north": {"uv": [15.5, 11, 15.75, 12.5], "texture": "#2"},
				"east": {"uv": [15.25, 11, 15.5, 12.5], "texture": "#2"},
				"south": {"uv": [15, 11, 15.25, 12.5], "texture": "#2"},
				"west": {"uv": [14.75, 11, 15, 12.5], "texture": "#2"},
				"up": {"uv": [15, 10.75, 15.25, 11], "texture": "#2"},
				"down": {"uv": [15.25, 10.75, 15.5, 11], "texture": "#2"}
			}
		},
		{
			"from": [6.5, 11.5, 13.9],
			"to": [7.5, 14.5, 14.9],
			"faces": {
				"north": {"uv": [14.75, 10, 15, 10.75], "texture": "#2"},
				"east": {"uv": [15.5, 10, 15.75, 10.75], "texture": "#2"},
				"south": {"uv": [15.25, 10, 15.5, 10.75], "texture": "#2"},
				"west": {"uv": [15, 10, 15.25, 10.75], "texture": "#2"},
				"up": {"uv": [15.25, 9.75, 15.5, 10], "texture": "#2"},
				"down": {"uv": [15, 9.75, 15.25, 10], "texture": "#2"}
			}
		},
		{
			"from": [8.5, 11.5, 13.9],
			"to": [9.5, 14.5, 14.9],
			"faces": {
				"north": {"uv": [14.75, 9, 15, 9.75], "texture": "#2"},
				"east": {"uv": [15.5, 9, 15.75, 9.75], "texture": "#2"},
				"south": {"uv": [15.25, 9, 15.5, 9.75], "texture": "#2"},
				"west": {"uv": [15, 9, 15.25, 9.75], "texture": "#2"},
				"up": {"uv": [15, 9, 15.25, 8.75], "texture": "#2"},
				"down": {"uv": [15.25, 9, 15.5, 8.75], "texture": "#2"}
			}
		},
		{
			"from": [6.5, 5.5, 12.9],
			"to": [9.5, 8.5, 15.9],
			"faces": {
				"north": {"uv": [11.25, 9.75, 12, 10.5], "texture": "#2"},
				"east": {"uv": [13.5, 9.75, 14.25, 10.5], "texture": "#2"},
				"south": {"uv": [12.75, 9.75, 13.5, 10.5], "texture": "#2"},
				"west": {"uv": [12, 9.75, 12.75, 10.5], "texture": "#2"},
				"up": {"uv": [12, 9, 12.75, 9.75], "texture": "#2"},
				"down": {"uv": [12.75, 9, 13.5, 9.75], "texture": "#2"}
			}
		}
	],
	"display": {
		"thirdperson_righthand": {
			"translation": [0, 1.25, -0.5],
			"scale": [0.36, 0.36, 0.36]
		},
		"thirdperson_lefthand": {
			"translation": [0, 1.25, -0.5],
			"scale": [0.36, 0.36, 0.36]
		},
		"firstperson_righthand": {
			"rotation": [0, 120, 0],
			"translation": [0, 4.75, 2],
			"scale": [0.56, 0.56, 0.56]
		},
		"firstperson_lefthand": {
			"rotation": [0, 120, 0],
			"translation": [0, 4.75, 2],
			"scale": [0.56, 0.56, 0.56]
		},
		"ground": {
			"translation": [0, 0.5, 0],
			"scale": [0.46, 0.46, 0.46]
		},
		"gui": {
			"rotation": [34, -136, 0],
			"translation": [0, 0.25, 0],
			"scale": [0.7, 0.7, 0.7]
		},
		"head": {
			"translation": [0, 6.25, 0],
			"scale": [1.96, 1.96, 1.96]
		},
		"fixed": {
			"rotation": [-90, 0, 0],
			"translation": [0, 0, -18.75],
			"scale": [2.32, 2.32, 2.32]
		}
	},
	"groups": [
		0,
		1,
		2,
		3,
		4,
		5,
		6,
		7,
		8,
		9,
		{
			"name": "hat",
			"origin": [0, 0, 0],
			"color": 0,
			"children": [10, 11, 12, 13, 14, 15, 16]
		}
	]
}