{
	"credit": "Made with Blockbench",
	"texture_size": [32, 32],
	"textures": {
		"0": "item/pepeland/carved_pumpkin/part_2/builder_helmet/builder_helmet",
		"particle": "item/pepeland/carved_pumpkin/part_2/builder_helmet/builder_helmet"
	},
	"elements": [
		{
			"from": [4, 0, 4],
			"to": [12, 0.5, 13],
			"faces": {
				"north": {"uv": [10.5, 1.5, 14.5, 2], "texture": "#0"},
				"east": {"uv": [9, 3.5, 13.5, 4], "texture": "#0"},
				"south": {"uv": [11, 8.5, 15, 9], "texture": "#0"},
				"west": {"uv": [10.5, 1, 15, 1.5], "texture": "#0"},
				"up": {"uv": [7.5, 14, 3.5, 9.5], "texture": "#0"},
				"down": {"uv": [11.5, 9.5, 7.5, 14], "texture": "#0"}
			}
		},
		{
			"from": [4, 0.5, 6],
			"to": [12, 2.5, 13],
			"faces": {
				"north": {"uv": [6.5, 1, 10.5, 2], "texture": "#0"},
				"east": {"uv": [8, 0, 11.5, 1], "texture": "#0"},
				"south": {"uv": [7.5, 7.5, 11.5, 8.5], "texture": "#0"},
				"west": {"uv": [7.5, 8.5, 11, 9.5], "texture": "#0"},
				"up": {"uv": [7.5, 9, 3.5, 5.5], "texture": "#0"},
				"down": {"uv": [11.5, 4, 7.5, 7.5], "texture": "#0"}
			}
		},
		{
			"from": [4.5, 0.5, 5],
			"to": [11.5, 2.5, 6],
			"faces": {
				"north": {"uv": [0, 9, 3.5, 10], "texture": "#0"},
				"east": {"uv": [0, 2.5, 0.5, 3.5], "texture": "#0"},
				"south": {"uv": [9, 2, 12.5, 3], "texture": "#0"},
				"west": {"uv": [0.5, 2.5, 1, 3.5], "texture": "#0"},
				"up": {"uv": [12.5, 3.5, 9, 3], "texture": "#0"},
				"down": {"uv": [7, 9, 3.5, 9.5], "texture": "#0"}
			}
		},
		{
			"from": [4.5, 2.5, 6],
			"to": [11.5, 4.5, 13],
			"faces": {
				"north": {"uv": [3, 1, 6.5, 2], "texture": "#0"},
				"east": {"uv": [4.5, 0, 8, 1], "texture": "#0"},
				"south": {"uv": [5.5, 2, 9, 3], "texture": "#0"},
				"west": {"uv": [5.5, 3, 9, 4], "texture": "#0"},
				"up": {"uv": [5.5, 5.5, 2, 2], "texture": "#0"},
				"down": {"uv": [3.5, 5.5, 0, 9], "texture": "#0"}
			}
		},
		{
			"from": [7, 4.5, 7],
			"to": [9, 5, 12],
			"faces": {
				"north": {"uv": [2, 1, 3, 1.5], "texture": "#0"},
				"east": {"uv": [2, 0, 4.5, 0.5], "texture": "#0"},
				"south": {"uv": [2, 1.5, 3, 2], "texture": "#0"},
				"west": {"uv": [2, 0.5, 4.5, 1], "texture": "#0"},
				"up": {"uv": [1, 2.5, 0, 0], "texture": "#0"},
				"down": {"uv": [2, 0, 1, 2.5], "texture": "#0"}
			}
		}
	],
	"display": {
		"thirdperson_righthand": {
			"translation": [0, 3.25, 0],
			"scale": [0.58, 0.58, 0.58]
		},
		"thirdperson_lefthand": {
			"translation": [0, 3.25, 0],
			"scale": [0.58, 0.58, 0.58]
		},
		"firstperson_righthand": {
			"rotation": [0, 60, 0],
			"translation": [0, 8.75, 0],
			"scale": [0.83, 0.83, 0.83]
		},
		"firstperson_lefthand": {
			"rotation": [0, 60, 0],
			"translation": [0, 8.75, 0],
			"scale": [0.83, 0.83, 0.83]
		},
		"ground": {
			"translation": [0, 3.75, 0],
			"scale": [0.73, 0.73, 0.73]
		},
		"gui": {
			"rotation": [32, -130, 0],
			"translation": [0.75, 4.5, 0]
		},
		"head": {
			"translation": [0, 18.75, -2],
			"scale": [1.83, 1.83, 1.83]
		},
		"fixed": {
			"rotation": [-90, 0, 0],
			"translation": [0, 0, -18],
			"scale": [2.23, 2.23, 2.23]
		}
	}
}