{
	"format_version": "1.21.6",
	"credit": "Made with Blockbench",
	"texture_size": [32, 32],
	"textures": {
		"0": "item/pepeland/carved_pumpkin/part_3/lights/lights",
		"particle": "item/pepeland/carved_pumpkin/part_3/lights/lights"
	},
	"elements": [
		{
			"from": [1.5, 0, 1.5],
			"to": [14.5, 4, 1.5],
			"faces": {
				"north": {"uv": [0, 0, 6.5, 2], "texture": "#0"},
				"east": {"uv": [0, 0, 0, 2], "texture": "#0"},
				"south": {"uv": [6.5, 0, 0, 2], "texture": "#0"},
				"west": {"uv": [0, 0, 0, 2], "texture": "#0"},
				"up": {"uv": [0, 0, 6.5, 0], "texture": "#0"},
				"down": {"uv": [0, 0, 6.5, 0], "texture": "#0"}
			}
		},
		{
			"from": [14.5, 0, 1.5],
			"to": [14.5, 4, 14.5],
			"faces": {
				"north": {"uv": [0, 0, 0, 2], "texture": "#0"},
				"east": {"uv": [6.5, 0, 13, 2], "texture": "#0"},
				"south": {"uv": [0, 0, 0, 2], "texture": "#0"},
				"west": {"uv": [13, 0, 6.5, 2], "texture": "#0"},
				"up": {"uv": [0, 0, 6.5, 0], "rotation": 270, "texture": "#0"},
				"down": {"uv": [0, 0, 6.5, 0], "rotation": 90, "texture": "#0"}
			}
		},
		{
			"from": [1.5, 0, 1.5],
			"to": [1.5, 4, 14.5],
			"faces": {
				"north": {"uv": [0, 0, 0, 2], "texture": "#0"},
				"east": {"uv": [6.5, 0, 0, 2], "texture": "#0"},
				"south": {"uv": [0, 0, 0, 2], "texture": "#0"},
				"west": {"uv": [0, 0, 6.5, 2], "texture": "#0"},
				"up": {"uv": [0, 0, 6.5, 0], "rotation": 270, "texture": "#0"},
				"down": {"uv": [0, 0, 6.5, 0], "rotation": 90, "texture": "#0"}
			}
		},
		{
			"from": [1.5, 0, 14.5],
			"to": [14.5, 4, 14.5],
			"faces": {
				"north": {"uv": [13, 2.5, 6.5, 4.5], "texture": "#0"},
				"east": {"uv": [0, 0, 0, 2], "texture": "#0"},
				"south": {"uv": [6.5, 2.5, 13, 4.5], "texture": "#0"},
				"west": {"uv": [0, 0, 0, 2], "texture": "#0"},
				"up": {"uv": [0, 0, 6.5, 0], "texture": "#0"},
				"down": {"uv": [0, 0, 6.5, 0], "texture": "#0"}
			}
		},
		{
			"from": [2, 1, -0.5],
			"to": [4, 3, 1.5],
			"rotation": {"angle": 10, "axis": "x", "origin": [3, 3, 1.5]},
			"faces": {
				"north": {"uv": [0, 6, 1, 7], "texture": "#0"},
				"east": {"uv": [0, 6, 1, 7], "texture": "#0"},
				"south": {"uv": [0, 6, 1, 7], "texture": "#0"},
				"west": {"uv": [0, 6, 1, 7], "texture": "#0"},
				"up": {"uv": [0, 6, 1, 6.5], "texture": "#0"},
				"down": {"uv": [0, 6.5, 1, 7], "texture": "#0"}
			}
		},
		{
			"from": [5.5, -1, -0.5],
			"to": [7.5, 1, 1.5],
			"rotation": {"angle": 10, "axis": "x", "origin": [6.5, 1, 1.5]},
			"faces": {
				"north": {"uv": [1, 7, 2, 8], "texture": "#0"},
				"east": {"uv": [1, 7, 2, 8], "texture": "#0"},
				"south": {"uv": [1, 7, 2, 8], "texture": "#0"},
				"west": {"uv": [1, 7, 2, 8], "texture": "#0"},
				"up": {"uv": [1, 7, 2, 7.5], "texture": "#0"},
				"down": {"uv": [1, 7.5, 2, 8], "texture": "#0"}
			}
		},
		{
			"from": [9.25, 0, -0.5],
			"to": [11.25, 2, 1.5],
			"rotation": {"angle": 10, "axis": "x", "origin": [10.25, 2, 1.5]},
			"faces": {
				"north": {"uv": [0, 4, 1, 5], "texture": "#0"},
				"east": {"uv": [0, 4, 1, 5], "texture": "#0"},
				"south": {"uv": [0, 4, 1, 5], "texture": "#0"},
				"west": {"uv": [0, 4, 1, 5], "texture": "#0"},
				"up": {"uv": [0, 4, 1, 4.5], "texture": "#0"},
				"down": {"uv": [0, 4.5, 1, 5], "texture": "#0"}
			}
		},
		{
			"from": [12.25, 1, -0.5],
			"to": [14.25, 3, 1.5],
			"rotation": {"angle": 10, "axis": "x", "origin": [13.25, 3, 1.5]},
			"faces": {
				"north": {"uv": [1, 5, 2, 6], "texture": "#0"},
				"east": {"uv": [1, 5, 2, 6], "texture": "#0"},
				"south": {"uv": [1, 5, 2, 6], "texture": "#0"},
				"west": {"uv": [1, 5, 2, 6], "texture": "#0"},
				"up": {"uv": [1, 5, 2, 5.5], "texture": "#0"},
				"down": {"uv": [1, 5.5, 2, 6], "texture": "#0"}
			}
		},
		{
			"from": [14.5, 1, 2],
			"to": [16.5, 3, 4],
			"rotation": {"angle": 10, "axis": "z", "origin": [14.5, 3, 3]},
			"faces": {
				"north": {"uv": [0, 7, 1, 8], "texture": "#0"},
				"east": {"uv": [0, 7, 1, 8], "texture": "#0"},
				"south": {"uv": [0, 7, 1, 8], "texture": "#0"},
				"west": {"uv": [0, 7, 1, 8], "texture": "#0"},
				"up": {"uv": [0, 7, 1, 7.5], "rotation": 90, "texture": "#0"},
				"down": {"uv": [0, 7.5, 1, 8], "rotation": 270, "texture": "#0"}
			}
		},
		{
			"from": [14.5, 0, 5.5],
			"to": [16.5, 2, 7.5],
			"rotation": {"angle": 10, "axis": "z", "origin": [14.5, 2, 6.5]},
			"faces": {
				"north": {"uv": [1, 4, 2, 5], "texture": "#0"},
				"east": {"uv": [1, 4, 2, 5], "texture": "#0"},
				"south": {"uv": [1, 4, 2, 5], "texture": "#0"},
				"west": {"uv": [1, 4, 2, 5], "texture": "#0"},
				"up": {"uv": [1, 4, 2, 4.5], "rotation": 90, "texture": "#0"},
				"down": {"uv": [1, 4.5, 2, 5], "rotation": 270, "texture": "#0"}
			}
		},
		{
			"from": [14.5, -0.25, 9.25],
			"to": [16.5, 1.75, 11.25],
			"rotation": {"angle": 10, "axis": "z", "origin": [14.5, 1.75, 10.25]},
			"faces": {
				"north": {"uv": [0, 6, 1, 7], "texture": "#0"},
				"east": {"uv": [0, 6, 1, 7], "texture": "#0"},
				"south": {"uv": [0, 6, 1, 7], "texture": "#0"},
				"west": {"uv": [0, 6, 1, 7], "texture": "#0"},
				"up": {"uv": [0, 6, 1, 6.5], "rotation": 90, "texture": "#0"},
				"down": {"uv": [0, 6.5, 1, 7], "rotation": 270, "texture": "#0"}
			}
		},
		{
			"from": [14.5, 1, 12.25],
			"to": [16.5, 3, 14.25],
			"rotation": {"angle": 10, "axis": "z", "origin": [14.5, 3, 13.25]},
			"faces": {
				"north": {"uv": [0, 5, 1, 6], "texture": "#0"},
				"east": {"uv": [0, 5, 1, 6], "texture": "#0"},
				"south": {"uv": [0, 5, 1, 6], "texture": "#0"},
				"west": {"uv": [0, 5, 1, 6], "texture": "#0"},
				"up": {"uv": [0, 5, 1, 5.5], "rotation": 90, "texture": "#0"},
				"down": {"uv": [0, 6, 1, 5.5], "rotation": 270, "texture": "#0"}
			}
		},
		{
			"from": [12, 1, 14.5],
			"to": [14, 3, 16.5],
			"rotation": {"angle": -10, "axis": "x", "origin": [13, 3, 14.5]},
			"faces": {
				"north": {"uv": [1, 7, 2, 8], "texture": "#0"},
				"east": {"uv": [1, 7, 2, 8], "texture": "#0"},
				"south": {"uv": [1, 7, 2, 8], "texture": "#0"},
				"west": {"uv": [1, 7, 2, 8], "texture": "#0"},
				"up": {"uv": [1, 7, 2, 7.5], "rotation": 180, "texture": "#0"},
				"down": {"uv": [1, 7.5, 2, 8], "rotation": 180, "texture": "#0"}
			}
		},
		{
			"from": [8.5, 0, 14.5],
			"to": [10.5, 2, 16.5],
			"rotation": {"angle": -10, "axis": "x", "origin": [9.5, 2, 14.5]},
			"faces": {
				"north": {"uv": [0, 5, 1, 6], "texture": "#0"},
				"east": {"uv": [0, 5, 1, 6], "texture": "#0"},
				"south": {"uv": [0, 5, 1, 6], "texture": "#0"},
				"west": {"uv": [0, 5, 1, 6], "texture": "#0"},
				"up": {"uv": [0, 5, 1, 5.5], "rotation": 180, "texture": "#0"},
				"down": {"uv": [0, 5.5, 1, 6], "rotation": 180, "texture": "#0"}
			}
		},
		{
			"from": [4.75, 0.25, 14.5],
			"to": [6.75, 2.25, 16.5],
			"rotation": {"angle": -10, "axis": "x", "origin": [5.75, 2.25, 14.5]},
			"faces": {
				"north": {"uv": [1, 4, 2, 5], "texture": "#0"},
				"east": {"uv": [1, 4, 2, 5], "texture": "#0"},
				"south": {"uv": [1, 4, 2, 5], "texture": "#0"},
				"west": {"uv": [1, 4, 2, 5], "texture": "#0"},
				"up": {"uv": [1, 4, 2, 4.5], "rotation": 180, "texture": "#0"},
				"down": {"uv": [1, 4.5, 2, 5], "rotation": 180, "texture": "#0"}
			}
		},
		{
			"from": [1.75, 1.5, 14.5],
			"to": [3.75, 3.5, 16.5],
			"rotation": {"angle": -10, "axis": "x", "origin": [2.75, 3.5, 14.5]},
			"faces": {
				"north": {"uv": [0, 6, 1, 7], "texture": "#0"},
				"east": {"uv": [0, 6, 1, 7], "texture": "#0"},
				"south": {"uv": [0, 6, 1, 7], "texture": "#0"},
				"west": {"uv": [0, 6, 1, 7], "texture": "#0"},
				"up": {"uv": [0, 6, 1, 6.5], "rotation": 180, "texture": "#0"},
				"down": {"uv": [0, 6.5, 1, 7], "rotation": 180, "texture": "#0"}
			}
		},
		{
			"from": [-0.5, 1, 12],
			"to": [1.5, 3, 14],
			"rotation": {"angle": -10, "axis": "z", "origin": [1.5, 3, 13]},
			"faces": {
				"north": {"uv": [0, 7, 1, 8], "texture": "#0"},
				"east": {"uv": [0, 7, 1, 8], "texture": "#0"},
				"south": {"uv": [0, 7, 1, 8], "texture": "#0"},
				"west": {"uv": [0, 7, 1, 8], "texture": "#0"},
				"up": {"uv": [0, 7, 1, 7.5], "rotation": 270, "texture": "#0"},
				"down": {"uv": [0, 7.5, 1, 8], "rotation": 90, "texture": "#0"}
			}
		},
		{
			"from": [-0.5, -0.5, 8.5],
			"to": [1.5, 1.5, 10.5],
			"rotation": {"angle": -10, "axis": "z", "origin": [1.5, 1.5, 9.5]},
			"faces": {
				"north": {"uv": [1, 6, 2, 7], "texture": "#0"},
				"east": {"uv": [1, 6, 2, 7], "texture": "#0"},
				"south": {"uv": [1, 6, 2, 7], "texture": "#0"},
				"west": {"uv": [1, 6, 2, 7], "texture": "#0"},
				"up": {"uv": [1, 6, 2, 6.5], "rotation": 270, "texture": "#0"},
				"down": {"uv": [1, 6.5, 2, 7], "rotation": 90, "texture": "#0"}
			}
		},
		{
			"from": [-0.5, 0, 4.75],
			"to": [1.5, 2, 6.75],
			"rotation": {"angle": -10, "axis": "z", "origin": [1.5, 2, 5.75]},
			"faces": {
				"north": {"uv": [0, 5, 1, 6], "texture": "#0"},
				"east": {"uv": [0, 5, 1, 6], "texture": "#0"},
				"south": {"uv": [0, 5, 1, 6], "texture": "#0"},
				"west": {"uv": [0, 5, 1, 6], "texture": "#0"},
				"up": {"uv": [0, 5, 1, 5.5], "rotation": 270, "texture": "#0"},
				"down": {"uv": [0, 5.5, 1, 6], "rotation": 90, "texture": "#0"}
			}
		},
		{
			"from": [-0.5, 1, 1.75],
			"to": [1.5, 3, 3.75],
			"rotation": {"angle": -10, "axis": "z", "origin": [1.5, 3, 2.75]},
			"faces": {
				"north": {"uv": [0, 4, 1, 5], "texture": "#0"},
				"east": {"uv": [0, 4, 1, 5], "texture": "#0"},
				"south": {"uv": [0, 4, 1, 5], "texture": "#0"},
				"west": {"uv": [0, 4, 1, 5], "texture": "#0"},
				"up": {"uv": [0, 4, 1, 4.5], "rotation": 270, "texture": "#0"},
				"down": {"uv": [0, 4.5, 1, 5], "rotation": 90, "texture": "#0"}
			}
		}
	],
	"display": {
		"thirdperson_righthand": {
			"translation": [0, 3, 1.5],
			"scale": [0.41, 0.41, 0.41]
		},
		"thirdperson_lefthand": {
			"translation": [0, 3, 1.5],
			"scale": [0.41, 0.41, 0.41]
		},
		"firstperson_righthand": {
			"rotation": [0, 87, 0],
			"translation": [0, 5.75, 0],
			"scale": [0.48, 0.48, 0.48]
		},
		"firstperson_lefthand": {
			"rotation": [0, -180, 0],
			"translation": [0, 5.75, 0],
			"scale": [0.48, 0.48, 0.48]
		},
		"ground": {
			"translation": [0, 2.5, 0],
			"scale": [0.7, 0.7, 0.7]
		},
		"gui": {
			"rotation": [36, -148, 0],
			"translation": [0.25, 3, 0],
			"scale": [0.7, 0.7, 0.7]
		},
		"head": {
			"translation": [0, 11.25, -1],
			"scale": [1.15, 1.15, 1.15]
		},
		"fixed": {
			"rotation": [-90, 0, 0],
			"translation": [0, -0.5, -4.5],
			"scale": [0.83, 0.83, 0.83]
		}
	},
	"groups": [
		0,
		1,
		2,
		3,
		{
			"name": "lights",
			"origin": [3, 3, 1.5],
			"color": 0,
			"children": [4, 5, 6, 7, 8, 9, 10, 11, 12, 13, 14, 15, 16, 17, 18, 19]
		}
	]
}