{
	"credit": "Made with Blockbench",
	"texture_size": [64, 64],
	"textures": {
		"0": "item/pepeland/carved_pumpkin/part_3/shlyapa/shlyapa",
		"particle": "item/pepeland/carved_pumpkin/part_3/shlyapa/shlyapa"
	},
	"elements": [
		{
			"from": [4, 0.025, 4],
			"to": [12, 3.025, 12],
			"rotation": {"angle": 0, "axis": "y", "origin": [4, 0.025, 4]},
			"faces": {
				"north": {"uv": [5.5, 6, 7.5, 6.75], "texture": "#0"},
				"east": {"uv": [5.5, 6.75, 7.5, 7.5], "texture": "#0"},
				"south": {"uv": [7.5, 0, 9.5, 0.75], "texture": "#0"},
				"west": {"uv": [7.5, 0.75, 9.5, 1.5], "texture": "#0"},
				"up": {"uv": [7.5, 2, 5.5, 0], "texture": "#0"},
				"down": {"uv": [7.5, 2, 5.5, 4], "texture": "#0"}
			}
		},
		{
			"from": [0, 0, 0],
			"to": [16, 0, 16],
			"faces": {
				"north": {"uv": [0, 0, 5.5, 0], "texture": "#0"},
				"east": {"uv": [0, 0, 5.5, 0], "texture": "#0"},
				"south": {"uv": [0, 0, 5.5, 0], "texture": "#0"},
				"west": {"uv": [0, 0, 5.5, 0], "texture": "#0"},
				"up": {"uv": [4.75, 4.75, 0.75, 0.75], "texture": "#0"},
				"down": {"uv": [4.75, 0.75, 0.75, 4.75], "texture": "#0"}
			}
		},
		{
			"from": [4, 0.025, 12],
			"to": [4, 4.025, 20],
			"rotation": {"angle": 0, "axis": "y", "origin": [4, 0.025, 20]},
			"faces": {
				"north": {"uv": [0, 0, 0, 1], "texture": "#0"},
				"east": {"uv": [7.5, 4, 5.5, 5], "texture": "#0"},
				"south": {"uv": [0, 0, 0, 1], "texture": "#0"},
				"west": {"uv": [5.5, 4, 7.5, 5], "texture": "#0"},
				"up": {"uv": [2, 0, 0, 0], "rotation": 270, "texture": "#0"},
				"down": {"uv": [2, 0, 0, 0], "rotation": 90, "texture": "#0"}
			}
		},
		{
			"from": [-2, 0, -3],
			"to": [18, 0, 0],
			"rotation": {"angle": -22.5, "axis": "x", "origin": [8, 0, 0]},
			"faces": {
				"north": {"uv": [0, 0, 5, 0], "texture": "#0"},
				"east": {"uv": [0, 0, 0.75, 0], "texture": "#0"},
				"south": {"uv": [0, 0, 5, 0], "texture": "#0"},
				"west": {"uv": [0, 0, 0.75, 0], "texture": "#0"},
				"up": {"uv": [5.25, 5.5, 0.25, 4.75], "texture": "#0"},
				"down": {"uv": [5.25, 4.75, 0.25, 5.5], "texture": "#0"}
			}
		},
		{
			"from": [-1, 0, 16],
			"to": [17, 0, 19],
			"rotation": {"angle": -22.5, "axis": "x", "origin": [8, 0, 16]},
			"faces": {
				"north": {"uv": [0, 0, 4.5, 0], "texture": "#0"},
				"east": {"uv": [0, 0, 0.75, 0], "texture": "#0"},
				"south": {"uv": [0, 0, 4.5, 0], "texture": "#0"},
				"west": {"uv": [0, 0, 0.75, 0], "texture": "#0"},
				"up": {"uv": [5, 0.75, 0.5, 0], "texture": "#0"},
				"down": {"uv": [5, 0, 0.5, 0.75], "texture": "#0"}
			}
		},
		{
			"from": [-3, 0, 0],
			"to": [0, 0, 16],
			"rotation": {"angle": 22.5, "axis": "z", "origin": [0, 0, 8]},
			"faces": {
				"north": {"uv": [0, 0, 0.75, 0], "texture": "#0"},
				"east": {"uv": [0, 0, 4, 0], "texture": "#0"},
				"south": {"uv": [0, 0, 0.75, 0], "texture": "#0"},
				"west": {"uv": [0, 0, 4, 0], "texture": "#0"},
				"up": {"uv": [5.5, 4.75, 4.75, 0.75], "texture": "#0"},
				"down": {"uv": [5.5, 0.75, 4.75, 4.75], "texture": "#0"}
			}
		},
		{
			"from": [16, 0, 0],
			"to": [19, 0, 16],
			"rotation": {"angle": 22.5, "axis": "z", "origin": [16, 0, 8]},
			"faces": {
				"north": {"uv": [0, 0, 0.75, 0], "texture": "#0"},
				"east": {"uv": [0, 0, 4, 0], "texture": "#0"},
				"south": {"uv": [0, 0, 0.75, 0], "texture": "#0"},
				"west": {"uv": [0, 0, 4, 0], "texture": "#0"},
				"up": {"uv": [0.75, 4.75, 0, 0.75], "texture": "#0"},
				"down": {"uv": [0.75, 0.75, 0, 4.75], "texture": "#0"}
			}
		}
	],
	"display": {
		"thirdperson_righthand": {
			"translation": [0, 3.5, -5.5],
			"scale": [0.54, 0.54, 0.54]
		},
		"thirdperson_lefthand": {
			"translation": [0, 3.5, -5.5],
			"scale": [0.54, 0.54, 0.54]
		},
		"firstperson_righthand": {
			"translation": [0.25, 7, 0],
			"scale": [0.59, 0.59, 0.59]
		},
		"firstperson_lefthand": {
			"translation": [0.25, 7, 0],
			"scale": [0.59, 0.59, 0.59]
		},
		"ground": {
			"translation": [0, 5.25, 0],
			"scale": [0.72, 0.72, 0.72]
		},
		"gui": {
			"rotation": [27, 135, 0],
			"translation": [0, 3.75, 0],
			"scale": [0.64, 0.64, 0.64]
		},
		"head": {
			"rotation": [11, 0, -5],
			"translation": [1, 18.5, 2.75],
			"scale": [1.95, 1.95, 1.95]
		},
		"fixed": {
			"rotation": [-87, 0, 0],
			"translation": [0, 0, -11.5],
			"scale": [1.33, 1.33, 1.33]
		}
	}
}