{
	"credit": "Made with Blockbench",
	"texture_size": [32, 32],
	"textures": {
		"0": "item/pepeland/carved_pumpkin/part_1/deer/deer",
		"particle": "item/pepeland/carved_pumpkin/part_1/deer/deer"
	},
	"elements": [
		{
			"from": [-4, 14, 8],
			"to": [12, 30, 8],
			"faces": {
				"north": {"uv": [2, 0, 10, 8], "texture": "#0"},
				"east": {"uv": [0, 0, 0, 8], "texture": "#0"},
				"south": {"uv": [2, 0, 10, 8], "texture": "#0"},
				"west": {"uv": [0, 0, 0, 8], "texture": "#0"},
				"up": {"uv": [12, 0, 0, 0], "texture": "#0"},
				"down": {"uv": [12, 0, 0, 0], "texture": "#0"}
			}
		},
		{
			"from": [8, 17, 4],
			"to": [8, 22, 9],
			"faces": {
				"north": {"uv": [0, 0, 0, 2.5], "texture": "#0"},
				"east": {"uv": [6.5, 12, 4, 14.5], "texture": "#0"},
				"south": {"uv": [0, 0, 0, 2.5], "texture": "#0"},
				"west": {"uv": [4, 12, 6.5, 14.5], "texture": "#0"},
				"up": {"uv": [0, 0, 2.5, 0], "rotation": 90, "texture": "#0"},
				"down": {"uv": [0, 0, 2.5, 0], "rotation": 270, "texture": "#0"}
			}
		},
		{
			"from": [0, 17, 4],
			"to": [0, 22, 9],
			"faces": {
				"north": {"uv": [0, 0, 0, 2.5], "texture": "#0"},
				"east": {"uv": [6.5, 12, 4, 14.5], "texture": "#0"},
				"south": {"uv": [0, 0, 0, 2.5], "texture": "#0"},
				"west": {"uv": [4, 12, 6.5, 14.5], "texture": "#0"},
				"up": {"uv": [0, 0, 2.5, 0], "rotation": 90, "texture": "#0"},
				"down": {"uv": [0, 0, 2.5, 0], "rotation": 270, "texture": "#0"}
			}
		},
		{
			"from": [0, 22, 8],
			"to": [8, 22, 9],
			"faces": {
				"north": {"uv": [0, 0, 4, 0], "rotation": 180, "texture": "#0"},
				"east": {"uv": [0, 0, 0, 0.5], "rotation": 270, "texture": "#0"},
				"south": {"uv": [0, 0, 4, 0], "texture": "#0"},
				"west": {"uv": [0, 0, 0, 0.5], "rotation": 90, "texture": "#0"},
				"up": {"uv": [6.5, 12, 10.5, 12.5], "rotation": 180, "texture": "#0"},
				"down": {"uv": [6.5, 12, 10.5, 12.5], "texture": "#0"}
			}
		}
	],
	"display": {
		"thirdperson_righthand": {
			"rotation": [31, 0, 0],
			"translation": [2, -5.5, -1.75],
			"scale": [0.5, 0.5, 0.5]
		},
		"thirdperson_lefthand": {
			"rotation": [31, 0, 0],
			"translation": [-2, -5.5, -1.75],
			"scale": [0.5, 0.5, 0.5]
		},
		"firstperson_righthand": {
			"rotation": [-11, 118, 13],
			"translation": [-2.5, -3.5, -2.25],
			"scale": [0.6, 0.6, 0.6]
		},
		"firstperson_lefthand": {
			"rotation": [-11, 118, 13],
			"translation": [-0.5, -3.5, 2.25],
			"scale": [0.6, 0.6, 0.6]
		},
		"ground": {
			"translation": [4, -11.75, 1.75]
		},
		"gui": {
			"rotation": [26, -138, 0],
			"translation": [-2.75, -14.5, 0]
		},
		"head": {
			"translation": [7.9, -20.15, 0],
			"scale": [2, 2, 2]
		},
		"fixed": {
			"translation": [4, -12.25, 0]
		}
	}
}